,county_fips_code,county_name,state,state_fips_code,_1_22_20,_1_23_20,_1_24_20,_1_25_20,_1_26_20,_1_27_20,_1_28_20,_1_29_20,_1_30_20,_1_31_20,_2_1_20,_2_2_20,_2_3_20,_2_4_20,_2_5_20,_2_6_20,_2_7_20,_2_8_20,_2_9_20,_2_10_20,_2_11_20,_2_12_20,_2_13_20,_2_14_20,_2_15_20,_2_16_20,_2_17_20,_2_18_20,_2_19_20,_2_20_20,_2_21_20,_2_22_20,_2_23_20,_2_24_20,_2_25_20,_2_26_20,_2_27_20,_2_28_20,_2_29_20,_3_1_20,_3_2_20,_3_3_20,_3_4_20,_3_5_20,_3_6_20,_3_7_20,_3_8_20,_3_9_20,_3_10_20,_3_11_20,_3_12_20,_3_13_20,_3_14_20,_3_15_20,_3_16_20,_3_17_20,_3_18_20,_3_19_20,_3_20_20,_3_21_20,_3_22_20,_3_23_20,_3_24_20,_3_25_20,_3_26_20,_3_27_20,_3_28_20,_3_29_20,_3_30_20,_3_31_20,_4_1_20,_4_2_20,_4_3_20,_4_4_20,_4_5_20,_4_6_20,_4_7_20,_4_8_20,_4_9_20,_4_10_20,_4_11_20,_4_12_20,_4_13_20,_4_14_20,_4_15_20,_4_16_20,_4_17_20,_4_18_20,_4_19_20,_4_20_20,_4_21_20,_4_22_20,_4_23_20,_4_24_20,_4_25_20,_4_26_20,_4_27_20,_4_28_20,_4_29_20,_4_30_20,_5_1_20,_5_2_20,_5_3_20,_5_4_20,_5_5_20,_5_6_20,_5_7_20,_5_8_20,_5_9_20,_5_10_20,_5_11_20,_5_12_20,_5_13_20
0,6073,San Diego County,CA,6,0,0,0,0,0,0,0,0,0,0,0,0,0,0,0,0,0,0,0,0,0,0,0,0,0,0,0,0,0,0,0,0,0,0,0,0,0,0,0,0,0,0,0,0,0,0,0,0,0,0,0,0,0,0,0,0,0,0,0,0,0,0,2,2,3,5,7,7,7,9,15,16,17,18,19,19,31,36,40,44,45,45,47,53,60,63,63,71,71,72,87,96,100,102,111,111,113,118,120,124,134,138,139,144,150,158,165,169,175,175,175,190,194
1,1097,Mobile County,AL,1,0,0,0,0,0,0,0,0,0,0,0,0,0,0,0,0,0,0,0,0,0,0,0,0,0,0,0,0,0,0,0,0,0,0,0,0,0,0,0,0,0,0,0,0,0,0,0,0,0,0,0,0,0,0,0,0,0,0,0,0,0,0,0,0,0,0,0,0,1,1,2,3,4,5,5,5,6,7,7,9,9,9,9,12,12,12,16,18,18,18,28,33,38,40,40,41,43,46,53,55,61,61,62,66,71,76,78,81,83,85,90,95,96
2,34015,Gloucester County,NJ,34,0,0,0,0,0,0,0,0,0,0,0,0,0,0,0,0,0,0,0,0,0,0,0,0,0,0,0,0,0,0,0,0,0,0,0,0,0,0,0,0,0,0,0,0,0,0,0,0,0,0,0,0,0,0,0,0,0,0,0,0,0,0,0,0,0,1,1,1,1,2,2,2,2,3,3,3,5,7,8,8,9,9,9,11,14,18,22,23,24,25,27,27,27,30,30,31,33,38,40,46,48,50,51,51,61,63,66,72,79,81,83,90,92
3,26065,Ingham County,MI,26,0,0,0,0,0,0,0,0,0,0,0,0,0,0,0,0,0,0,0,0,0,0,0,0,0,0,0,0,0,0,0,0,0,0,0,0,0,0,0,0,0,0,0,0,0,0,0,0,0,0,0,0,0,0,0,0,0,0,0,0,0,0,0,0,0,0,0,0,0,0,1,1,1,1,1,1,1,2,3,3,3,3,3,4,5,6,6,6,6,6,6,7,9,9,9,9,10,10,10,11,12,13,13,13,14,14,14,16,16,16,17,17,18
65,29077,Greene County,MO,29,0,0,0,0,0,0,0,0,0,0,0,0,0,0,0,0,0,0,0,0,0,0,0,0,0,0,0,0,0,0,0,0,0,0,0,0,0,0,0,0,0,0,0,0,0,0,0,0,0,0,0,0,0,0,0,0,0,0,0,0,0,0,1,3,3,3,3,3,3,3,6,6,6,6,6,6,6,6,7,7,7,7,7,7,7,7,7,7,7,7,7,7,7,7,7,7,7,7,7,7,7,7,7,7,7,7,7,7,7,7,7,7,7
4,42007,Beaver County,PA,42,0,0,0,0,0,0,0,0,0,0,0,0,0,0,0,0,0,0,0,0,0,0,0,0,0,0,0,0,0,0,0,0,0,0,0,0,0,0,0,0,0,0,0,0,0,0,0,0,0,0,0,0,0,0,0,0,0,0,0,0,0,0,0,0,0,0,0,0,0,1,2,2,2,6,6,6,9,13,13,13,13,13,13,14,14,14,15,31,32,36,43,46,46,46,46,46,46,59,65,65,67,68,68,68,73,76,78,78,78,78,78,78,78
5,55133,Waukesha County,WI,55,0,0,0,0,0,0,0,0,0,0,0,0,0,0,0,0,0,0,0,0,0,0,0,0,0,0,0,0,0,0,0,0,0,0,0,0,0,0,0,0,0,0,0,0,0,0,0,0,0,0,0,0,0,0,0,0,0,0,0,0,0,0,0,0,0,0,0,0,0,0,1,1,1,3,4,4,5,5,6,6,6,7,7,9,10,11,11,11,11,11,13,13,14,14,14,14,15,16,16,19,20,20,20,20,20,22,22,22,23,23,23,23,23
6,6097,Sonoma County,CA,6,0,0,0,0,0,0,0,0,0,0,0,0,0,0,0,0,0,0,0,0,0,0,0,0,0,0,0,0,0,0,0,0,0,0,0,0,0,0,0,0,0,0,0,0,0,0,0,0,0,0,0,0,0,0,0,0,0,0,1,1,1,1,1,1,1,1,1,1,1,1,1,1,1,1,1,1,1,1,1,2,2,2,2,2,2,2,2,2,2,2,2,2,2,2,2,2,2,2,2,2,2,2,2,3,3,3,3,3,3,3,4,4,4
7,13057,Cherokee County,GA,13,0,0,0,0,0,0,0,0,0,0,0,0,0,0,0,0,0,0,0,0,0,0,0,0,0,0,0,0,0,0,0,0,0,0,0,0,0,0,0,0,0,0,0,0,0,0,0,0,0,0,0,0,0,0,0,0,0,0,0,0,0,0,0,0,0,1,1,1,1,3,4,4,5,5,5,5,6,6,6,7,7,7,7,7,8,8,8,8,8,9,10,10,10,10,10,10,10,11,11,11,13,13,13,13,15,16,17,17,17,17,18,21,21
8,25027,Worcester County,MA,25,0,0,0,0,0,0,0,0,0,0,0,0,0,0,0,0,0,0,0,0,0,0,0,0,0,0,0,0,0,0,0,0,0,0,0,0,0,0,0,0,0,0,0,0,0,0,0,0,0,0,0,0,0,0,0,0,0,0,0,0,0,0,0,2,3,3,5,5,5,7,9,13,14,17,17,18,23,29,30,37,41,48,50,56,73,83,91,102,113,117,133,143,155,166,183,206,215,229,253,265,278,292,312,320,331,365,385,404,420,444,457,459,489
9,42089,Monroe County,PA,42,0,0,0,0,0,0,0,0,0,0,0,0,0,0,0,0,0,0,0,0,0,0,0,0,0,0,0,0,0,0,0,0,0,0,0,0,0,0,0,0,0,0,0,0,0,0,0,0,0,0,0,0,0,0,0,0,0,0,0,0,0,1,1,1,2,2,2,3,7,7,8,10,10,11,11,11,12,17,19,19,22,23,23,27,28,28,29,34,38,39,42,42,42,44,44,45,46,48,54,54,54,55,55,55,60,60,63,63,63,64,64,64,65
10,48201,Harris County,TX,48,0,0,0,0,0,0,0,0,0,0,0,0,0,0,0,0,0,0,0,0,0,0,0,0,0,0,0,0,0,0,0,0,0,0,0,0,0,0,0,0,0,0,0,0,0,0,0,0,0,0,0,0,0,0,0,0,0,0,1,1,1,1,1,1,2,2,2,3,4,4,6,6,8,13,17,20,22,23,31,34,40,41,41,46,52,58,63,67,71,75,78,79,80,82,84,89,93,98,103,109,114,122,129,133,140,144,150,154,160,168,172,179,183
11,16083,Twin Falls County,ID,16,0,0,0,0,0,0,0,0,0,0,0,0,0,0,0,0,0,0,0,0,0,0,0,0,0,0,0,0,0,0,0,0,0,0,0,0,0,0,0,0,0,0,0,0,0,0,0,0,0,0,0,0,0,0,0,0,0,0,0,0,0,0,0,0,0,0,0,0,0,0,0,0,1,1,1,1,1,1,1,1,2,2,4,7,8,8,9,9,10,10,11,11,11,11,11,11,11,11,11,11,11,11,11,11,11,11,11,11,11,11,11,11,11
12,21059,Daviess County,KY,21,0,0,0,0,0,0,0,0,0,0,0,0,0,0,0,0,0,0,0,0,0,0,0,0,0,0,0,0,0,0,0,0,0,0,0,0,0,0,0,0,0,0,0,0,0,0,0,0,0,0,0,0,0,0,0,0,0,0,0,0,0,0,0,0,0,0,0,0,0,0,1,1,1,1,1,1,1,1,1,2,3,3,3,3,3,3,3,3,3,3,3,3,3,3,3,3,3,3,3,4,4,4,4,4,4,4,4,4,4,4,4,4,4
13,25011,Franklin County,MA,25,0,0,0,0,0,0,0,0,0,0,0,0,0,0,0,0,0,0,0,0,0,0,0,0,0,0,0,0,0,0,0,0,0,0,0,0,0,0,0,0,0,0,0,0,0,0,0,0,0,0,0,0,0,0,0,0,0,0,0,0,0,0,0,0,1,2,2,2,2,4,7,8,11,12,12,13,17,21,22,22,23,25,25,25,25,25,25,25,26,26,29,30,30,31,32,33,33,33,35,37,37,37,37,37,37,38,39,41,42,42,42,42,43
14,48309,McLennan County,TX,48,0,0,0,0,0,0,0,0,0,0,0,0,0,0,0,0,0,0,0,0,0,0,0,0,0,0,0,0,0,0,0,0,0,0,0,0,0,0,0,0,0,0,0,0,0,0,0,0,0,0,0,0,0,0,0,0,0,0,0,0,0,0,0,0,0,0,0,0,0,0,1,1,1,1,1,1,1,1,1,2,2,2,2,3,3,4,4,4,4,4,4,4,4,4,4,4,4,4,4,4,4,4,4,4,4,4,4,4,4,4,4,4,4
15,48321,Matagorda County,TX,48,0,0,0,0,0,0,0,0,0,0,0,0,0,0,0,0,0,0,0,0,0,0,0,0,0,0,0,0,0,0,0,0,0,0,0,0,0,0,0,0,0,0,0,0,0,0,0,0,0,0,0,0,0,0,1,1,1,1,1,1,1,1,1,1,1,1,1,1,1,1,1,2,2,2,2,3,3,3,3,3,3,3,3,3,3,3,3,3,3,3,3,3,3,3,3,3,3,3,3,3,3,3,3,3,3,3,3,3,3,3,3,3,3
16,17031,Cook County,IL,17,0,0,0,0,0,0,0,0,0,0,0,0,0,0,0,0,0,0,0,0,0,0,0,0,0,0,0,0,0,0,0,0,0,0,0,0,0,0,0,0,0,0,0,0,0,0,0,0,0,0,0,0,0,0,0,1,1,2,3,4,6,9,12,13,18,20,28,40,44,61,95,107,141,167,186,209,249,312,351,398,453,485,485,577,630,722,760,860,877,915,1002,1072,1142,1220,1267,1313,1347,1457,1516,1607,1673,1743,1786,1802,1922,2004,2110,2197,2264,2317,2361,2449,2589
17,1089,Madison County,AL,1,0,0,0,0,0,0,0,0,0,0,0,0,0,0,0,0,0,0,0,0,0,0,0,0,0,0,0,0,0,0,0,0,0,0,0,0,0,0,0,0,0,0,0,0,0,0,0,0,0,0,0,0,0,0,0,0,0,0,0,0,0,0,0,0,0,0,1,1,1,1,1,1,1,1,1,1,2,2,2,3,3,3,3,3,3,4,4,4,4,4,4,4,4,4,4,4,4,4,4,4,4,4,4,4,4,4,4,4,4,4,4,4,4
18,9013,Tolland County,CT,9,0,0,0,0,0,0,0,0,0,0,0,0,0,0,0,0,0,0,0,0,0,0,0,0,0,0,0,0,0,0,0,0,0,0,0,0,0,0,0,0,0,0,0,0,0,0,0,0,0,0,0,0,0,0,0,0,0,0,0,1,2,2,3,3,3,3,4,4,4,7,7,10,10,10,11,13,13,13,13,14,15,17,17,18,22,22,24,24,24,27,30,32,33,34,35,35,35,35,36,36,38,39,40,40,43,44,46,46,46,47,47,47,49
19,24021,Frederick County,MD,24,0,0,0,0,0,0,0,0,0,0,0,0,0,0,0,0,0,0,0,0,0,0,0,0,0,0,0,0,0,0,0,0,0,0,0,0,0,0,0,0,0,0,0,0,0,0,0,0,0,0,0,0,0,0,0,0,0,0,0,0,0,0,0,0,0,0,0,0,0,0,2,2,2,2,3,4,4,4,4,9,11,12,12,14,27,29,23,23,25,25,28,29,30,30,39,39,42,42,45,49,49,52,54,55,59,61,63,64,66,68,68,71,78
20,29099,Jefferson County,MO,29,0,0,0,0,0,0,0,0,0,0,0,0,0,0,0,0,0,0,0,0,0,0,0,0,0,0,0,0,0,0,0,0,0,0,0,0,0,0,0,0,0,0,0,0,0,0,0,0,0,0,0,0,0,0,0,0,0,0,0,0,0,0,0,0,0,0,0,0,0,0,0,0,0,0,0,0,0,0,2,3,3,3,3,3,3,3,4,3,3,3,3,3,3,3,3,3,3,3,4,8,8,8,8,8,8,10,10,10,10,10,10,10,10
21,36053,Madison County,NY,36,0,0,0,0,0,0,0,0,0,0,0,0,0,0,0,0,0,0,0,0,0,0,0,0,0,0,0,0,0,0,0,0,0,0,0,0,0,0,0,0,0,0,0,0,0,0,0,0,0,0,0,0,0,0,0,0,0,0,0,0,0,0,1,1,1,1,1,1,1,2,2,2,2,2,2,2,2,2,2,2,2,2,2,2,2,2,2,2,4,4,4,5,5,5,5,5,5,5,5,5,5,5,6,6,6,6,6,7,7,7,7,7,7
22,12113,Santa Rosa County,FL,12,0,0,0,0,0,0,0,0,0,0,0,0,0,0,0,0,0,0,0,0,0,0,0,0,0,0,0,0,0,0,0,0,0,0,0,0,0,0,0,0,0,0,0,0,1,1,1,1,1,1,1,1,1,1,1,1,1,1,1,1,1,1,1,1,1,1,1,1,2,2,2,2,2,2,2,2,2,2,2,3,3,4,4,4,4,5,6,6,6,6,6,6,6,6,6,6,6,7,7,7,8,8,8,8,8,8,8,9,9,9,9,9,9
23,12117,Seminole County,FL,12,0,0,0,0,0,0,0,0,0,0,0,0,0,0,0,0,0,0,0,0,0,0,0,0,0,0,0,0,0,0,0,0,0,0,0,0,0,0,0,0,0,0,0,0,0,0,0,0,0,0,0,0,0,0,0,0,0,0,0,0,0,0,0,0,0,0,0,0,0,0,0,0,0,1,1,1,1,1,1,2,2,2,2,2,2,3,4,4,5,5,6,7,7,8,8,8,8,8,8,8,8,8,8,8,8,8,8,10,11,11,11,11,11
24,25023,Plymouth County,MA,25,0,0,0,0,0,0,0,0,0,0,0,0,0,0,0,0,0,0,0,0,0,0,0,0,0,0,0,0,0,0,0,0,0,0,0,0,0,0,0,0,0,0,0,0,0,0,0,0,0,0,0,0,0,0,0,0,0,0,0,0,0,0,0,0,0,0,0,0,0,2,5,6,7,7,9,13,24,31,37,45,49,53,64,75,87,91,103,120,129,134,141,157,176,197,212,230,240,256,273,285,301,312,323,333,341,357,364,375,384,393,408,409,424
25,45083,Spartanburg County,SC,45,0,0,0,0,0,0,0,0,0,0,0,0,0,0,0,0,0,0,0,0,0,0,0,0,0,0,0,0,0,0,0,0,0,0,0,0,0,0,0,0,0,0,0,0,0,0,0,0,0,0,0,0,0,0,0,0,0,0,0,0,0,0,0,0,0,0,0,0,0,0,0,0,0,0,0,1,1,4,4,4,4,4,4,4,5,5,5,5,5,5,6,7,8,8,8,8,8,8,9,9,11,11,12,12,12,12,12,12,12,12,12,13,13
26,6019,Fresno County,CA,6,0,0,0,0,0,0,0,0,0,0,0,0,0,0,0,0,0,0,0,0,0,0,0,0,0,0,0,0,0,0,0,0,0,0,0,0,0,0,0,0,0,0,0,0,0,0,0,0,0,0,0,0,0,0,0,0,0,0,0,0,0,0,0,0,0,0,0,0,0,0,0,0,1,1,1,2,3,3,3,5,5,5,5,5,7,7,7,7,7,7,7,7,7,7,7,7,7,7,7,7,8,8,8,9,9,9,9,9,9,9,9,10,13
27,53063,Spokane County,WA,53,0,0,0,0,0,0,0,0,0,0,0,0,0,0,0,0,0,0,0,0,0,0,0,0,0,0,0,0,0,0,0,0,0,0,0,0,0,0,0,0,0,0,0,0,0,0,0,0,0,0,0,0,0,0,0,0,0,0,0,0,0,0,0,0,0,0,2,2,4,4,5,5,7,9,10,11,12,12,13,13,13,13,13,15,15,15,15,15,15,17,18,19,19,19,19,19,20,20,20,21,22,22,22,22,23,24,26,27,28,28,29,29,29
28,22033,East Baton Rouge Parish,LA,22,0,0,0,0,0,0,0,0,0,0,0,0,0,0,0,0,0,0,0,0,0,0,0,0,0,0,0,0,0,0,0,0,0,0,0,0,0,0,0,0,0,0,0,0,0,0,0,0,0,0,0,0,0,0,0,0,0,0,0,0,0,1,2,3,4,4,4,7,9,9,10,11,13,14,22,25,31,33,36,39,45,49,49,58,62,66,66,72,72,74,90,95,100,109,114,120,124,125,129,137,146,148,153,156,163,165,170,171,179,182,188,190,199
29,28151,Washington County,MS,28,0,0,0,0,0,0,0,0,0,0,0,0,0,0,0,0,0,0,0,0,0,0,0,0,0,0,0,0,0,0,0,0,0,0,0,0,0,0,0,0,0,0,0,0,0,0,0,0,0,0,0,0,0,0,0,0,0,0,0,0,0,0,0,0,0,0,0,0,0,0,0,0,0,0,0,0,1,2,2,2,2,2,2,2,2,2,2,3,3,3,3,3,3,3,3,3,3,3,3,3,3,3,3,3,3,3,3,3,3,3,3,4,4
30,13077,Coweta County,GA,13,0,0,0,0,0,0,0,0,0,0,0,0,0,0,0,0,0,0,0,0,0,0,0,0,0,0,0,0,0,0,0,0,0,0,0,0,0,0,0,0,0,0,0,0,0,0,0,0,0,0,0,0,0,0,0,0,0,0,0,1,1,1,2,2,2,2,2,2,2,2,2,2,2,2,2,2,2,2,2,2,2,2,2,2,3,3,3,3,3,4,4,4,4,4,4,4,4,4,4,4,4,4,4,4,4,4,4,4,4,4,4,4,4
31,17111,McHenry County,IL,17,0,0,0,0,0,0,0,0,0,0,0,0,0,0,0,0,0,0,0,0,0,0,0,0,0,0,0,0,0,0,0,0,0,0,0,0,0,0,0,0,0,0,0,0,0,0,0,0,0,0,0,0,0,0,0,0,0,0,0,0,0,0,0,0,1,1,2,2,2,2,2,3,3,3,3,3,4,5,5,5,6,6,6,8,11,13,13,17,17,17,20,22,26,27,28,28,28,31,33,34,37,37,37,38,40,42,44,48,51,51,52,55,56
32,9009,New Haven County,CT,9,0,0,0,0,0,0,0,0,0,0,0,0,0,0,0,0,0,0,0,0,0,0,0,0,0,0,0,0,0,0,0,0,0,0,0,0,0,0,0,0,0,0,0,0,0,0,0,0,0,0,0,0,0,0,0,0,0,0,0,0,0,0,0,2,2,6,6,6,6,12,15,17,18,29,36,41,60,70,78,98,107,119,135,151,195,214,229,241,257,301,322,345,372,396,416,429,456,478,493,512,533,565,580,595,610,629,643,669,686,701,716,723,745
33,39035,Cuyahoga County,OH,39,0,0,0,0,0,0,0,0,0,0,0,0,0,0,0,0,0,0,0,0,0,0,0,0,0,0,0,0,0,0,0,0,0,0,0,0,0,0,0,0,0,0,0,0,0,0,0,0,0,0,0,0,0,0,0,0,0,0,0,1,1,1,2,2,2,2,3,3,4,6,9,12,13,13,14,15,19,23,23,22,22,23,23,33,39,42,48,52,53,55,64,79,83,91,91,91,96,109,110,112,115,115,120,121,128,131,136,143,145,146,147,151,153
34,42045,Delaware County,PA,42,0,0,0,0,0,0,0,0,0,0,0,0,0,0,0,0,0,0,0,0,0,0,0,0,0,0,0,0,0,0,0,0,0,0,0,0,0,0,0,0,0,0,0,0,0,0,0,0,0,0,0,0,0,0,0,0,0,0,0,0,0,0,0,0,1,3,4,4,4,5,7,8,10,13,14,15,20,23,26,30,39,39,39,45,59,59,73,77,90,99,118,119,119,129,140,141,142,161,224,235,240,255,255,258,318,326,376,382,394,395,399,405,419
35,13223,Paulding County,GA,13,0,0,0,0,0,0,0,0,0,0,0,0,0,0,0,0,0,0,0,0,0,0,0,0,0,0,0,0,0,0,0,0,0,0,0,0,0,0,0,0,0,0,0,0,0,0,0,0,0,0,0,0,0,0,0,0,0,0,0,0,0,0,0,0,0,0,0,0,0,0,0,0,0,0,0,1,1,1,2,2,2,2,2,4,5,5,5,6,7,7,7,7,7,7,7,7,7,7,8,8,8,8,8,9,9,10,10,10,10,10,10,10,10
36,36083,Rensselaer County,NY,36,0,0,0,0,0,0,0,0,0,0,0,0,0,0,0,0,0,0,0,0,0,0,0,0,0,0,0,0,0,0,0,0,0,0,0,0,0,0,0,0,0,0,0,0,0,0,0,0,0,0,0,0,0,0,0,0,0,0,0,0,0,0,0,0,0,0,0,0,0,0,0,1,1,1,1,2,2,5,5,5,5,5,5,5,6,6,6,6,6,6,7,7,7,11,11,11,11,11,11,12,12,14,16,16,16,21,21,21,22,22,23,23,23
37,36105,Sullivan County,NY,36,0,0,0,0,0,0,0,0,0,0,0,0,0,0,0,0,0,0,0,0,0,0,0,0,0,0,0,0,0,0,0,0,0,0,0,0,0,0,0,0,0,0,0,0,0,0,0,0,0,0,0,0,0,0,0,0,0,0,0,0,0,0,0,0,0,0,0,0,0,2,4,5,5,5,5,7,7,7,7,7,7,7,7,7,7,7,7,7,8,9,9,9,9,9,11,13,14,15,15,15,15,15,16,16,16,23,23,23,23,25,26,28,28
38,37071,Gaston County,NC,37,0,0,0,0,0,0,0,0,0,0,0,0,0,0,0,0,0,0,0,0,0,0,0,0,0,0,0,0,0,0,0,0,0,0,0,0,0,0,0,0,0,0,0,0,0,0,0,0,0,0,0,0,0,0,0,0,0,0,0,0,0,0,0,0,0,0,0,0,0,0,0,1,1,1,1,2,2,2,3,3,3,3,3,3,3,3,3,3,3,3,3,3,3,3,3,3,3,3,3,3,3,3,3,3,3,4,4,4,5,5,5,5,5
39,42003,Allegheny County,PA,42,0,0,0,0,0,0,0,0,0,0,0,0,0,0,0,0,0,0,0,0,0,0,0,0,0,0,0,0,0,0,0,0,0,0,0,0,0,0,0,0,0,0,0,0,0,0,0,0,0,0,0,0,0,0,0,0,0,0,0,1,1,1,2,2,2,2,2,2,2,2,2,2,2,3,4,4,6,10,12,18,19,19,19,24,26,26,43,47,50,55,67,69,69,71,73,73,79,86,86,94,99,102,102,102,109,111,117,119,120,122,123,127,139
40,13045,Carroll County,GA,13,0,0,0,0,0,0,0,0,0,0,0,0,0,0,0,0,0,0,0,0,0,0,0,0,0,0,0,0,0,0,0,0,0,0,0,0,0,0,0,0,0,0,0,0,0,0,0,0,0,0,0,0,0,0,0,0,0,0,0,0,0,0,0,0,0,0,0,0,1,1,2,2,2,2,2,4,4,4,5,5,5,5,5,6,7,7,8,9,9,11,11,11,11,11,11,11,13,13,14,14,14,14,14,15,15,15,16,17,17,17,19,19,19
41,19183,Washington County,IA,19,0,0,0,0,0,0,0,0,0,0,0,0,0,0,0,0,0,0,0,0,0,0,0,0,0,0,0,0,0,0,0,0,0,0,0,0,0,0,0,0,0,0,0,0,0,0,0,0,0,0,0,0,0,0,0,0,0,0,0,0,0,0,0,0,0,0,0,0,1,1,2,2,2,2,2,2,2,2,2,3,3,4,4,4,4,4,5,5,5,5,5,5,5,5,5,5,6,6,7,7,7,7,7,7,7,7,7,7,7,7,7,7,8
42,34041,Warren County,NJ,34,0,0,0,0,0,0,0,0,0,0,0,0,0,0,0,0,0,0,0,0,0,0,0,0,0,0,0,0,0,0,0,0,0,0,0,0,0,0,0,0,0,0,0,0,0,0,0,0,0,0,0,0,0,0,0,0,0,0,0,0,0,1,1,1,1,1,2,2,2,2,3,3,3,6,6,7,7,9,1,15,18,22,22,25,30,33,36,39,44,47,48,48,48,61,63,65,67,71,81,82,83,84,86,87,91,94,99,101,103,104,104,108,114
43,42107,Schuylkill County,PA,42,0,0,0,0,0,0,0,0,0,0,0,0,0,0,0,0,0,0,0,0,0,0,0,0,0,0,0,0,0,0,0,0,0,0,0,0,0,0,0,0,0,0,0,0,0,0,0,0,0,0,0,0,0,0,0,0,0,0,0,0,0,0,0,0,0,0,0,0,0,0,0,0,0,0,0,0,0,0,1,1,2,2,2,2,3,3,4,5,5,5,5,5,5,5,5,5,5,5,5,6,6,7,7,7,7,9,10,13,13,13,13,14,14
44,37063,Durham County,NC,37,0,0,0,0,0,0,0,0,0,0,0,0,0,0,0,0,0,0,0,0,0,0,0,0,0,0,0,0,0,0,0,0,0,0,0,0,0,0,0,0,0,0,0,0,0,0,0,0,0,0,0,0,0,0,0,0,0,0,0,0,0,0,0,0,0,0,0,0,0,0,0,0,0,0,1,1,1,1,1,1,1,1,1,2,2,2,4,4,4,4,4,6,7,8,9,10,13,15,15,18,20,22,22,23,23,27,29,31,32,32,32,33,36
45,45051,Horry County,SC,45,0,0,0,0,0,0,0,0,0,0,0,0,0,0,0,0,0,0,0,0,0,0,0,0,0,0,0,0,0,0,0,0,0,0,0,0,0,0,0,0,0,0,0,0,0,0,0,0,0,0,0,0,0,0,0,0,0,0,0,0,0,0,1,1,1,1,1,3,3,3,3,4,4,4,5,6,6,7,7,7,7,7,7,8,8,9,10,12,12,12,12,12,12,12,12,12,12,15,15,15,16,16,17,18,18,18,18,18,18,18,18,18,18
46,34005,Burlington County,NJ,34,0,0,0,0,0,0,0,0,0,0,0,0,0,0,0,0,0,0,0,0,0,0,0,0,0,0,0,0,0,0,0,0,0,0,0,0,0,0,0,0,0,0,0,0,0,0,0,0,0,0,0,0,0,0,0,0,0,0,0,0,0,0,0,0,2,2,3,3,3,3,5,8,9,10,11,11,13,17,21,22,22,23,23,28,45,52,54,57,58,61,66,66,66,81,88,94,98,106,117,130,144,146,149,149,164,177,185,190,194,198,200,208,214
47,42017,Bucks County,PA,42,0,0,0,0,0,0,0,0,0,0,0,0,0,0,0,0,0,0,0,0,0,0,0,0,0,0,0,0,0,0,0,0,0,0,0,0,0,0,0,0,0,0,0,0,0,0,0,0,0,0,0,0,0,0,0,0,0,0,0,0,0,0,0,0,0,0,0,1,3,3,6,6,8,11,13,17,21,22,23,26,29,32,32,40,51,51,64,75,84,90,116,116,116,128,136,141,148,164,185,205,225,237,240,240,283,304,320,331,336,341,349,364,373
48,1127,Walker County,AL,1,0,0,0,0,0,0,0,0,0,0,0,0,0,0,0,0,0,0,0,0,0,0,0,0,0,0,0,0,0,0,0,0,0,0,0,0,0,0,0,0,0,0,0,0,0,0,0,0,0,0,0,0,0,0,0,0,0,0,0,0,0,0,0,0,0,0,0,0,0,0,0,0,0,0,0,0,0,0,0,0,0,0,0,0,0,0,0,0,0,0,0,0,0,0,0,0,0,0,0,0,0,0,0,0,0,0,0,0,0,0,0,0,0
49,13247,Rockdale County,GA,13,0,0,0,0,0,0,0,0,0,0,0,0,0,0,0,0,0,0,0,0,0,0,0,0,0,0,0,0,0,0,0,0,0,0,0,0,0,0,0,0,0,0,0,0,0,0,0,0,0,0,0,0,0,0,0,0,0,0,0,0,0,0,0,0,0,1,1,1,2,2,2,2,2,2,2,2,2,2,2,2,2,2,2,5,6,6,6,6,6,6,6,6,6,6,6,6,6,6,6,6,6,6,6,6,6,7,7,7,7,7,7,7,7
50,18079,Jennings County,IN,18,0,0,0,0,0,0,0,0,0,0,0,0,0,0,0,0,0,0,0,0,0,0,0,0,0,0,0,0,0,0,0,0,0,0,0,0,0,0,0,0,0,0,0,0,0,0,0,0,0,0,0,0,0,0,0,0,0,0,0,0,0,0,0,0,0,0,0,0,0,0,0,0,0,0,0,0,0,0,0,0,0,0,0,0,0,0,0,1,1,1,1,1,1,1,1,1,1,1,2,2,2,3,3,3,3,3,3,3,3,3,3,3,4
51,48355,Nueces County,TX,48,0,0,0,0,0,0,0,0,0,0,0,0,0,0,0,0,0,0,0,0,0,0,0,0,0,0,0,0,0,0,0,0,0,0,0,0,0,0,0,0,0,0,0,0,0,0,0,0,0,0,0,0,0,0,0,0,0,0,0,0,0,0,0,0,0,0,0,0,0,0,0,0,0,0,0,0,0,0,0,0,0,0,0,0,0,0,0,0,0,0,1,1,1,1,1,2,3,3,3,3,3,3,3,3,3,3,3,3,3,3,3,3,3
52,28047,Harrison County,MS,28,0,0,0,0,0,0,0,0,0,0,0,0,0,0,0,0,0,0,0,0,0,0,0,0,0,0,0,0,0,0,0,0,0,0,0,0,0,0,0,0,0,0,0,0,0,0,0,0,0,0,0,0,0,0,0,0,0,0,0,0,0,0,0,0,0,0,0,1,1,1,1,1,1,3,3,3,3,3,3,4,5,5,5,5,5,5,5,5,5,5,5,6,6,6,6,6,6,6,6,6,6,6,6,6,6,6,6,6,6,6,6,6,6
53,45079,Richland County,SC,45,0,0,0,0,0,0,0,0,0,0,0,0,0,0,0,0,0,0,0,0,0,0,0,0,0,0,0,0,0,0,0,0,0,0,0,0,0,0,0,0,0,0,0,0,0,0,0,0,0,0,0,0,0,0,0,0,0,0,0,0,0,0,0,0,1,0,2,2,2,2,3,3,5,6,6,7,7,10,10,10,10,10,10,11,12,13,14,14,14,14,14,15,17,17,18,18,19,21,30,33,34,38,40,42,47,49,52,52,54,54,57,59,59
54,24510,Baltimore City,MD,24,0,0,0,0,0,0,0,0,0,0,0,0,0,0,0,0,0,0,0,0,0,0,0,0,0,0,0,0,0,0,0,0,0,0,0,0,0,0,0,0,0,0,0,0,0,0,0,0,0,0,0,0,0,0,0,0,0,0,0,0,0,0,0,0,0,0,2,2,2,2,2,2,3,6,7,8,9,10,13,17,22,24,24,29,25,31,38,40,46,49,54,58,60,60,72,73,82,83,94,104,106,117,120,120,124,131,140,146,154,160,162,169,183
55,4019,Pima County,AZ,4,0,0,0,0,0,0,0,0,0,0,0,0,0,0,0,0,0,0,0,0,0,0,0,0,0,0,0,0,0,0,0,0,0,0,0,0,0,0,0,0,0,0,0,0,0,0,0,0,0,0,0,0,0,0,0,0,0,0,0,0,0,0,1,1,2,2,4,6,6,8,8,11,11,12,14,14,15,16,20,26,29,29,29,32,34,37,51,56,56,58,65,68,70,74,76,76,76,78,80,80,81,89,89,89,89,116,118,131,133,134,134,136,144
56,6107,Tulare County,CA,6,0,0,0,0,0,0,0,0,0,0,0,0,0,0,0,0,0,0,0,0,0,0,0,0,0,0,0,0,0,0,0,0,0,0,0,0,0,0,0,0,0,0,0,0,0,0,0,0,0,0,0,0,0,0,0,0,0,0,0,0,0,0,0,0,0,0,1,1,1,1,2,2,3,5,5,6,6,7,10,11,11,11,13,13,15,17,17,17,17,18,22,25,25,28,32,32,32,35,36,40,40,40,40,40,40,41,43,44,46,48,50,52,54
57,4013,Maricopa County,AZ,4,0,0,0,0,0,0,0,0,0,0,0,0,0,0,0,0,0,0,0,0,0,0,0,0,0,0,0,0,0,0,0,0,0,0,0,0,0,0,0,0,0,0,0,0,0,0,0,0,0,0,0,0,0,0,0,0,0,0,0,1,2,2,3,3,4,4,4,4,5,8,11,12,17,28,31,31,36,37,39,41,47,48,52,54,60,64,69,70,75,75,83,97,115,120,121,122,122,137,140,145,147,154,168,168,175,186,204,238,245,247,250,259,281
58,6111,Ventura County,CA,6,0,0,0,0,0,0,0,0,0,0,0,0,0,0,0,0,0,0,0,0,0,0,0,0,0,0,0,0,0,0,0,0,0,0,0,0,0,0,0,0,0,0,0,0,0,0,0,0,0,0,0,0,0,0,0,0,0,0,0,0,1,1,1,1,1,1,3,4,4,5,5,6,6,6,6,6,6,7,7,10,10,10,10,13,13,13,13,13,13,13,13,14,16,16,16,17,17,17,17,18,18,19,19,19,19,19,19,19,19,19,19,21,24
59,53077,Yakima County,WA,53,0,0,0,0,0,0,0,0,0,0,0,0,0,0,0,0,0,0,0,0,0,0,0,0,0,0,0,0,0,0,0,0,0,0,0,0,0,0,0,0,0,0,0,0,0,0,0,0,0,0,0,0,0,0,0,0,0,0,0,0,0,0,1,1,2,2,2,2,3,3,6,6,6,6,12,12,16,18,19,19,21,21,21,25,29,29,34,35,36,37,38,39,41,43,44,44,45,45,47,47,47,47,47,48,52,52,57,58,59,59,62,65,68
60,6053,Monterey County,CA,6,0,0,0,0,0,0,0,0,0,0,0,0,0,0,0,0,0,0,0,0,0,0,0,0,0,0,0,0,0,0,0,0,0,0,0,0,0,0,0,0,0,0,0,0,0,0,0,0,0,0,0,0,0,0,0,0,0,0,0,0,0,0,0,1,1,1,1,1,1,1,2,2,2,2,2,2,2,3,3,3,3,3,3,3,3,3,3,3,4,4,4,4,4,4,4,4,4,5,5,5,5,6,6,6,6,6,6,6,6,6,6,6,6
61,22057,Lafourche Parish,LA,22,0,0,0,0,0,0,0,0,0,0,0,0,0,0,0,0,0,0,0,0,0,0,0,0,0,0,0,0,0,0,0,0,0,0,0,0,0,0,0,0,0,0,0,0,0,0,0,0,0,0,0,0,0,0,0,0,0,0,0,0,0,0,0,1,1,2,2,2,2,2,3,3,3,3,4,7,7,11,11,13,13,13,13,13,15,16,21,22,25,27,30,32,32,35,39,39,39,39,44,45,50,52,52,52,53,53,55,57,59,59,59,60,60
62,25001,Barnstable County,MA,25,0,0,0,0,0,0,0,0,0,0,0,0,0,0,0,0,0,0,0,0,0,0,0,0,0,0,0,0,0,0,0,0,0,0,0,0,0,0,0,0,0,0,0,0,0,0,0,0,0,0,0,0,0,0,0,0,0,0,0,0,0,0,0,1,1,2,2,2,2,2,3,3,6,6,6,7,10,11,12,13,15,16,17,17,18,18,20,20,21,21,22,27,28,32,37,37,39,39,40,43,45,46,47,47,48,55,57,61,66,68,73,73,79
63,44007,Providence County,RI,44,0,0,0,0,0,0,0,0,0,0,0,0,0,0,0,0,0,0,0,0,0,0,0,0,0,0,0,0,0,0,0,0,0,0,0,0,0,0,0,0,0,0,0,0,0,0,0,0,0,0,0,0,0,0,0,0,0,0,0,0,0,0,0,0,0,0,0,0,0,0,0,6,6,6,13,13,13,13,14,14,14,14,14,14,21,21,21,21,21,21,21,21,21,21,107,107,107,107,132,132,132,132,132,132,132,200,200,200,203,203,203,203,203
64,08123,Weld County,CO,08,0,0,0,0,0,0,0,0,0,0,0,0,0,0,0,0,0,0,0,0,0,0,0,0,0,0,0,0,0,0,0,0,0,0,0,0,0,0,0,0,0,0,0,0,0,0,0,0,0,0,0,0,0,0,0,1,1,1,1,1,2,2,2,4,4,6,7,9,10,12,13,16,16,22,24,26,27,30,36,40,44,48,48,55,57,60,61,61,64,68,69,69,70,82,78,79,87,88,93,95,100,100,100,102,107,109,113,113,113,113,114,117,119
