,weather_station,county_name,state,_2_1_20,_2_2_20,_2_3_20,_2_4_20,_2_5_20,_2_6_20,_2_7_20,_2_8_20,_2_9_20,_2_10_20,_2_11_20,_2_12_20,_2_13_20,_2_14_20,_2_15_20,_2_16_20,_2_17_20,_2_18_20,_2_19_20,_2_20_20,_2_21_20,_2_22_20,_2_23_20,_2_24_20,_2_25_20,_2_26_20,_2_27_20,_2_28_20,_3_1_20,_3_2_20,_3_3_20,_3_4_20,_3_5_20,_3_6_20,_3_7_20,_3_8_20,_3_9_20,_3_10_20,_3_11_20,_3_12_20,_3_13_20,_3_14_20,_3_15_20,_3_16_20,_3_17_20,_3_18_20,_3_19_20,_3_20_20,_3_21_20,_3_22_20,_3_23_20,_3_24_20,_3_25_20,_3_26_20,_3_27_20,_3_28_20,_3_29_20,_3_30_20,_3_31_20,_4_1_20,_4_2_20,_4_3_20,_4_4_20,_4_5_20,_4_6_20,_4_7_20,_4_8_20,_4_9_20,_4_10_20,_4_11_20,_4_12_20,_4_13_20,_4_14_20,_4_15_20,_4_16_20,_4_17_20,_4_18_20,_4_19_20,_4_20_20,_4_21_20,_4_22_20,_4_23_20,_4_24_20,_4_25_20,_4_26_20,_4_27_20,_4_28_20,_4_29_20,_4_30_20
0,"San Diego, CA",San Diego County,CA,65.4,60.4,61.0,53.9,51.6,55.0,56.4,59.2,58.8,56.3,58.5,57.3,56.6,56.6,57.6,57.5,59.3,61.4,61.3,59.2,60.6,61.8,61.2,59.9,62.5,65.8,68.1,67.3,59.6,59.0,61.5,61.6,62.1,61.9,62.0,61.2,62.5,65.3,64.4,62.0,61.4,61.7,61.2,61.2,58.4,56.3,60.4,59.4,60.5,62.4,62.6,60.6,61.4,59.2,56.8,58.5,60.3,62.3,62.2,61.6,62.2,61.5,62.1,62.4,60.7,59.0,57.6,58.7,57.5,59.5,61.8,60.4,63.4,65.9,63.9,62.7,63.1,62.7,64.3,64.7,67.1,70.4,68.8,68.7,68.2,68.5,68.0,67.1,67.3
1,"Mobile, AL",Mobile County,AL,48.2,50.4,55.5,66.2,67.2,57.5,42.8,57.3,55.3,68.4,69.8,67.9,59.7,47.0,49.7,50.9,59.3,69.0,63.8,53.2,43.3,43.7,52.0,61.9,61.9,50.6,42.1,47.2,56.1,67.3,70.3,64.2,56.1,55.8,51.2,56.3,61.7,65.1,65.5,67.4,69.3,68.7,69.0,66.0,66.6,69.4,73.1,73.0,67.1,64.0,71.4,72.7,74.0,72.0,73.6,75.7,75.3,70.5,69.4,58.5,61.8,65.8,65.4,68.5,68.8,70.8,75.6,77.2,63.3,61.3,73.1,72.5,60.4,56.8,59.9,67.1,71.2,72.5,64.1,67.8,70.4,72.8,69.6,72.9,66.8,64.0,67.7,66.8,63.8
2,"Philadelphia, PA",Gloucester County,NJ,38.9,38.0,46.0,51.2,42.6,40.8,47.6,36.8,38.8,44.3,47.6,41.9,41.7,32.6,23.7,38.3,43.2,47.8,46.1,33.9,28.8,38.1,41.7,45.6,47.4,47.1,42.2,36.7,36.3,48.8,51.0,51.6,46.7,39.3,40.4,45.3,54.7,58.9,51.7,48.7,56.4,51.1,46.5,42.9,47.3,48.5,48.1,58.0,51.1,40.8,41.7,46.8,44.6,47.5,57.6,49.1,49.6,50.2,45.4,44.4,49.6,51.5,51.3,55.8,57.8,56.6,59.2,54.1,45.0,47.2,55.9,62.4,52.0,45.4,45.3,45.1,46.2,50.9,53.0,52.4,45.5,47.2,47.9,53.4,48.8,46.1,52.8,57.3,61.9
3,"Medicine Hat, Alberta, Canada",Ingham County,MI,43.0,28.1,16.1,17.1,28.8,29.8,28.2,27.9,23.0,25.7,30.5,12.0,20.2,27.2,21.2,21.1,11.9,-0.3,5.3,26.3,31.3,33.2,31.4,26.1,13.4,28.7,34.3,39.9,26.7,37.2,36.3,37.2,34.6,44.7,24.2,15.6,21.9,33.3,35.6,30.2,14.9,8.3,8.1,11.0,18.5,17.6,16.6,17.3,20.5,28.5,39.8,29.0,27.5,33.4,38.0,43.3,46.5,38.9,23.1,11.7,14.0,26.5,22.8,25.3,30.7,36.3,36.1,37.3,36.8,28.5,23.9,25.2,36.2,33.6,35.7,44.9,39.9,45.0,53.0,57.4,55.4,52.2,48.0,51.2,54.1,55.3,53.4,59.8,65.7
4,"Morgantown, WV",Greene County,MO,35.4,41.4,54.5,54.1,36.9,47.3,31.5,29.5,34.7,47.0,43.7,36.5,40.2,25.0,27.0,42.8,34.6,49.8,35.5,28.3,23.3,33.7,40.6,48.1,48.4,47.7,27.4,27.6,36.2,49.7,50.4,45.9,42.9,37.5,34.3,44.5,57.0,54.3,44.3,51.3,56.5,36.0,37.5,43.0,45.8,45.4,60.8,65.8,36.9,41.8,46.8,45.4,46.9,52.1,53.9,65.1,70.3,54.9,43.9,43.8,44.8,50.6,50.2,55.1,54.4,57.8,59.4,49.8,38.6,45.1,56.5,33.0,36.3,36.8,38.1,43.8,43.2,47.5,51.0,48.8,41.8,51.5,52.3,51.3,52.0,45.8,52.1,64.6,52.8
5,"Coraopolis, PA",Beaver County,PA,32.1,39.6,49.9,49.3,32.9,36.0,28.4,27.5,32.5,42.4,35.1,32.2,33.0,19.5,22.4,35.4,34.2,46.5,32.0,24.0,22.5,33.3,39.5,45.6,44.5,43.7,24.8,24.4,33.7,48.6,48.7,41.5,38.0,35.3,33.9,44.2,56.7,50.6,41.1,51.9,52.1,36.8,38.1,40.2,42.5,44.1,56.3,58.7,32.6,38.0,42.9,39.8,46.0,52.7,52.1,60.7,66.3,47.5,40.8,44.3,44.7,47.1,49.4,52.1,49.9,55.6,59.4,46.6,36.5,42.8,53.4,53.9,39.7,37.3,35.3,40.5,40.5,46.9,47.8,45.0,37.8,48.4,52.3,54.8,49.2,48.5,52.6,62.1,51.8
6,"Milwaukee, WI",Waukesha County,WI,35.4,43.8,37.8,32.0,27.1,28.9,30.4,29.2,29.9,26.0,26.6,29.2,17.0,5.4,23.0,29.0,33.6,33.4,17.8,12.8,23.3,36.7,41.5,36.5,34.8,28.9,24.2,21.7,44.4,38.8,36.7,39.3,39.9,32.6,38.1,51.7,50.9,35.9,39.9,43.6,41.0,34.1,34.4,37.8,39.2,38.7,41.6,37.7,28.1,32.8,35.6,38.9,42.9,41.1,38.8,43.5,47.0,41.7,37.4,40.4,41.8,48.5,40.1,38.3,42.4,56.3,50.5,41.5,38.9,46.8,45.3,37.6,33.2,32.2,37.6,38.9,48.5,47.1,50.0,40.3,40.6,40.3,41.0,44.0,48.4,49.8,45.5,47.5,45.4
7,"Santa Rosa, CA",Sonoma County,CA,48.6,47.6,45.0,44.8,46.8,48.8,45.0,46.4,54.5,59.2,59.6,52.0,44.3,50.3,43.1,52.4,53.9,50.3,44.4,51.0,54.8,50.2,47.2,53.5,58.0,55.9,56.5,54.6,51.3,60.5,61.3,57.5,52.9,50.8,48.6,40.1,53.1,56.5,54.3,50.8,49.4,48.2,45.7,45.3,44.9,47.8,47.2,48.1,51.8,53.5,45.4,48.0,39.2,42.2,44.0,48.7,51.6,50.8,53.8,51.7,52.5,51.4,49.1,49.9,44.7,46.3,50.3,55.4,57.6,51.7,56.2,54.0,60.5,57.1,54.2,53.4,54.5,53.3,55.3,54.3,62.4,67.4,72.4,68.5,61.5,65.6,67.3,67.9,61.2
8,"Tyler, TX",Cherokee County,GA,49.2,58.7,62.8,59.8,39.0,35.6,45.4,53.2,64.5,56.0,45.5,45.9,41.7,41.3,49.9,60.9,64.6,60.7,44.3,44.3,40.8,45.8,52.4,61.2,51.7,43.1,41.3,51.6,64.2,66.8,66.3,56.6,57.0,56.5,52.6,57.5,63.1,67.8,70.6,71.7,69.8,68.5,57.6,56.6,65.8,72.2,73.0,57.0,49.3,57.0,64.0,72.1,69.7,73.8,75.9,65.3,57.4,58.5,56.7,60.0,64.3,61.2,47.7,58.0,67.4,75.2,78.6,73.7,63.5,63.8,68.9,50.4,51.5,52.6,59.9,61.8,58.2,64.4,65.0,72.1,69.5,68.4,72.2,66.3,66.8,70.5,73.4,66.6,65.7
9,"Worcester, MA",Worcester County,MA,32.2,32.9,34.9,37.7,34.7,28.4,30.4,22.6,24.9,36.3,36.2,34.0,32.8,21.5,14.8,29.5,32.8,30.7,33.2,21.9,19.8,31.1,38.5,42.9,44.2,40.3,38.1,27.1,22.0,36.8,48.2,42.7,38.9,37.1,33.3,38.7,56.0,56.8,45.9,38.1,44.5,39.8,37.2,29.0,34.9,42.0,37.5,44.7,39.5,29.1,30.5,36.1,34.9,39.0,50.7,43.5,39.6,35.9,34.4,36.8,39.0,42.8,42.5,47.5,48.7,49.8,45.3,41.6,37.4,38.8,45.2,56.2,46.5,41.2,35.4,37.3,33.6,44.3,44.2,40.0,34.3,39.7,40.7,50.5,42.1,36.5,43.4,47.3,43.8
10,"Terre Haute, IN",Monroe County,PA,37.9,45.2,50.3,44.9,33.9,29.8,30.5,31.5,34.0,37.8,35.2,33.3,27.2,11.6,29.7,39.8,39.5,42.8,32.3,28.2,25.0,34.4,43.8,43.8,40.9,32.6,32.3,30.3,46.5,49.5,47.5,44.2,43.0,36.1,35.1,48.4,55.2,48.1,43.8,50.8,44.8,37.8,39.3,42.4,44.7,48.9,56.2,53.7,32.8,34.2,38.5,41.5,41.3,55.9,59.4,68.1,59.1,52.4,43.5,45.2,49.6,58.0,47.2,48.5,56.8,69.8,71.5,46.3,42.8,52.2,56.0,45.0,39.3,38.0,37.9,43.9,43.4,50.8,52.4,52.8,56.0,55.0,55.3,56.7,50.2,54.0,67.2,55.4,48.9
11,"Columbus, GA",Harris County,TX,46.5,49.1,55.2,62.2,64.4,64.2,44.4,41.7,46.1,59.0,69.1,68.2,64.7,49.2,47.5,49.0,52.5,59.9,60.3,47.1,41.7,42.7,45.9,53.9,63.3,52.8,44.3,45.5,51.5,57.4,64.3,58.5,53.9,54.6,49.5,52.5,59.2,62.0,60.8,65.5,69.0,71.9,71.2,65.5,65.8,70.8,72.5,71.5,70.3,60.4,65.1,70.9,72.1,69.5,69.8,74.3,74.2,69.6,64.1,56.3,58.0,63.4,69.3,70.9,68.9,47.3,71.4,71.0,62.7,59.1,65.3,71.0,65.0,57.4,59.7,63.5,69.7,56.8,65.0,65.3,63.9,60.2,66.4,70.5,66.0,62.4,67.4,66.7,61.7
12,"Twin Falls, ID",Twin Falls County,ID,42.5,31.9,21.5,20.6,29.7,42.1,45.0,36.7,29.8,31.3,32.7,34.6,34.8,34.6,35.2,36.6,28.4,27.0,20.3,23.4,26.6,31.0,38.5,30.8,28.9,34.5,37.9,39.8,31.0,34.4,43.6,44.4,47.7,55.3,48.1,40.6,40.3,41.9,44.0,39.2,45.3,42.7,40.4,45.0,43.7,36.8,37.7,43.5,43.8,43.7,45.0,40.7,35.2,32.4,34.4,40.2,41.0,44.4,43.5,32.0,32.0,34.5,43.1,45.0,45.9,48.8,51.8,52.4,55.0,50.3,38.3,34.0,41.8,43.9,35.5,41.3,47.3,50.9,52.2,55.3,53.9,51.2,49.7,54.7,58.3,55.1,57.4,67.1,62.6
13,"Lawrenceville, IL",Daviess County,KY,38.8,47.3,53.3,49.6,35.3,31.8,32.2,32.2,37.9,41.1,37.0,35.8,28.6,13.6,32.2,40.9,43.2,43.3,34.5,30.3,24.3,33.4,43.5,45.3,43.9,34.8,34.9,33.9,49.1,50.7,49.3,45.3,45.2,38.2,36.5,48.4,54.6,51.1,45.4,51.0,45.6,40.0,41.1,43.9,47.0,51.9,61.6,54.6,35.8,37.8,41.8,44.6,44.2,57.7,64.6,70.1,61.0,54.5,47.3,45.9,50.6,59.7,49.3,52.5,60.5,68.9,71.4,,48.9,53.9,56.1,45.0,42.2,41.1,42.5,47.2,44.5,50.1,53.3,55.5,58.5,55.7,58.8,58.5,50.8,53.5,67.5,55.9,52.2
14,"Chattanooga, TN",Franklin County,MA,46.0,51.5,57.0,60.5,64.0,58.7,38.0,35.1,38.5,48.6,56.5,50.7,54.1,36.9,39.0,49.3,52.8,56.9,49.4,40.6,36.2,39.2,44.6,46.3,54.2,46.0,39.2,40.8,46.4,51.0,63.3,57.0,52.3,48.0,45.7,51.1,58.0,58.3,60.7,63.2,64.7,56.8,56.3,51.9,56.5,61.4,70.2,66.4,57.5,53.6,56.0,59.4,60.3,59.2,72.0,73.6,71.2,63.9,52.1,48.9,43.7,59.7,66.3,68.1,69.0,69.8,71.3,67.3,53.5,54.5,62.1,37.6,51.7,49.7,52.3,59.9,57.2,53.2,59.2,64.4,59.5,57.8,63.6,63.8,54.4,57.2,64.8,63.0,55.7
15,"Austin, TX",McLennan County,TX,52.0,55.8,64.6,65.5,40.7,39.8,52.6,54.6,68.4,60.2,45.7,47.6,45.4,42.4,49.6,59.0,68.2,64.8,49.3,47.0,44.4,51.5,60.8,63.2,54.6,46.5,43.9,51.6,64.4,69.1,66.9,63.0,58.5,56.2,50.8,57.8,66.2,67.3,71.2,73.6,73.9,75.5,63.2,67.0,72.1,74.2,74.1,62.3,52.5,61.3,71.4,73.0,68.0,75.0,75.9,70.5,64.2,67.5,63.9,62.3,66.0,65.1,48.7,59.3,68.7,74.9,78.5,74.5,67.6,69.4,75.9,54.7,54.8,54.7,61.6,64.6,58.5,68.2,68.6,73.4,74.4,72.0,76.6,68.4,68.7,73.0,80.3,72.2,68.5
16,"Austin, TX",Matagorda County,TX,52.0,55.8,64.6,65.5,40.7,39.8,52.6,54.6,68.4,60.2,45.7,47.6,45.4,42.4,49.6,59.0,68.2,64.8,49.3,47.0,44.4,51.5,60.8,63.2,54.6,46.5,43.9,51.6,64.4,69.1,66.9,63.0,58.5,56.2,50.8,57.8,66.2,67.3,71.2,73.6,73.9,75.5,63.2,67.0,72.1,74.2,74.1,62.3,52.5,61.3,71.4,73.0,68.0,75.0,75.9,70.5,64.2,67.5,63.9,62.3,66.0,65.1,48.7,59.3,68.7,74.9,78.5,74.5,67.6,69.4,75.9,54.7,54.8,54.7,61.6,64.6,58.5,68.2,68.6,73.4,74.4,72.0,76.6,68.4,68.7,73.0,80.3,72.2,68.5
17,"Thunder Bay, Ontario, Canada",Cook County,IL,32.7,30.8,23.1,7.4,6.5,17.0,0.6,-4.0,14.3,7.6,23.0,10.7,-11.0,-3.6,20.6,0.8,6.1,16.5,-0.1,4.3,20.7,28.5,26.5,35.1,19.5,9.8,9.3,10.3,27.3,30.4,31.2,27.0,23.1,13.7,26.0,32.0,15.3,17.1,23.5,33.3,28.2,20.0,18.1,29.6,24.9,23.7,32.0,18.8,14.2,22.0,34.8,31.1,38.1,26.7,29.4,33.2,40.5,35.8,31.9,35.2,34.7,37.0,28.8,31.3,37.5,36.6,37.7,33.8,34.6,36.1,32.4,29.4,24.0,24.9,29.6,33.7,42.6,29.5,37.1,26.9,28.1,34.8,38.7,41.5,39.0,39.1,37.0,50.9,50.9
18,"Columbus, OH",Madison County,AL,34.6,44.3,49.1,48.2,33.5,32.2,28.3,29.3,31.7,41.4,35.8,31.4,32.4,19.3,24.6,35.8,35.6,44.9,31.9,26.1,23.3,32.9,38.9,40.6,41.9,35.0,27.1,24.9,36.1,48.2,49.8,43.4,39.9,37.5,34.8,44.8,55.4,52.4,45.1,52.8,49.1,33.7,37.5,38.1,41.8,41.9,54.5,58.5,34.3,35.8,43.6,43.5,48.8,54.7,53.5,62.7,63.5,47.3,42.4,43.7,47.4,50.4,53.9,50.8,50.4,62.5,62.9,48.5,38.4,43.0,52.2,49.1,39.3,36.9,37.7,42.7,41.8,46.0,48.8,47.4,43.7,50.0,55.3,56.9,48.3,48.7,60.5,59.7,48.1
19,"Windsor Locks, CT",Tolland County,CT,33.9,35.1,36.8,38.0,37.8,32.3,35.0,28.3,26.9,38.7,38.5,39.2,35.1,24.3,17.6,34.0,35.1,32.6,36.4,26.4,23.3,33.7,38.8,44.9,45.7,44.2,40.5,31.7,27.7,41.9,50.7,47.3,41.9,38.0,37.5,42.3,57.5,57.5,46.1,41.1,46.6,43.3,41.1,32.8,37.9,44.8,40.9,50.5,42.7,32.7,32.6,39.5,37.8,44.4,53.1,41.8,44.2,41.1,40.6,41.9,44.0,46.8,49.3,50.9,52.3,54.9,49.0,45.9,42.9,43.6,47.9,57.9,50.9,44.9,40.3,40.5,35.8,47.7,47.5,43.2,39.1,41.0,42.6,50.7,44.5,40.6,48.5,49.3,47.2
20,"Hagerstown, MD",Frederick County,MD,38.3,44.6,57.2,61.9,43.9,39.3,40.6,34.8,38.9,44.7,46.4,39.0,43.6,30.3,25.6,38.1,43.4,45.3,41.8,32.7,28.5,40.5,42.6,47.1,47.8,48.1,34.5,33.7,36.9,48.8,49.9,50.4,43.8,41.2,41.1,46.1,58.2,57.7,44.9,51.7,54.6,44.5,42.0,42.7,48.7,46.6,52.2,60.3,47.2,41.7,40.1,46.2,43.3,48.8,57.1,52.9,52.5,54.6,47.0,46.5,49.4,52.7,52.4,56.8,58.0,57.9,62.3,51.5,41.4,47.3,53.3,61.8,42.0,43.4,41.4,44.0,45.3,49.8,54.3,49.7,45.1,50.1,50.6,55.2,47.5,46.7,48.4,57.1,58.0
21,"Little Rock, AR",Jefferson County,MO,46.8,54.8,60.9,59.0,40.5,35.6,36.0,42.8,54.9,54.0,42.3,41.1,40.8,29.4,41.3,51.9,55.1,52.8,43.3,39.5,33.1,38.4,45.7,56.2,50.2,40.5,39.1,47.9,60.4,65.7,60.6,55.5,57.8,52.7,46.9,52.8,59.9,57.6,54.5,64.5,56.1,47.0,44.6,43.4,51.0,57.7,70.3,60.1,47.0,46.9,54.2,59.8,54.8,68.6,72.2,68.7,59.5,54.6,53.2,58.1,63.2,62.1,54.5,60.1,65.3,68.2,72.9,65.4,52.0,54.3,58.8,48.0,44.9,49.3,55.8,57.1,50.0,54.4,60.1,66.9,59.2,61.3,62.1,60.8,61.8,64.0,67.5,63.1,63.3
22,"Columbus, OH",Madison County,NY,34.6,44.3,49.1,48.2,33.5,32.2,28.3,29.3,31.7,41.4,35.8,31.4,32.4,19.3,24.6,35.8,35.6,44.9,31.9,26.1,23.3,32.9,38.9,40.6,41.9,35.0,27.1,24.9,36.1,48.2,49.8,43.4,39.9,37.5,34.8,44.8,55.4,52.4,45.1,52.8,49.1,33.7,37.5,38.1,41.8,41.9,54.5,58.5,34.3,35.8,43.6,43.5,48.8,54.7,53.5,62.7,63.5,47.3,42.4,43.7,47.4,50.4,53.9,50.8,50.4,62.5,62.9,48.5,38.4,43.0,52.2,49.1,39.3,36.9,37.7,42.7,41.8,46.0,48.8,47.4,43.7,50.0,55.3,56.9,48.3,48.7,60.5,59.7,48.1
23,"Panama City Beach, FL",Santa Rosa County,FL,50.2,49.7,56.1,58.1,68.1,66.8,46.6,51.0,58.3,65.5,69.7,69.7,67.7,53.2,53.4,55.7,61.6,68.3,70.1,58.2,47.5,44.2,51.5,63.6,66.9,58.3,45.0,48.0,54.4,63.3,68.1,70.8,64.5,57.0,51.3,55.8,60.6,65.8,68.0,65.7,63.9,64.5,68.1,67.7,67.2,69.2,66.0,68.7,68.5,70.1,69.3,71.8,75.6,69.2,70.9,75.3,76.4,73.2,71.5,58.8,60.1,61.9,67.0,70.2,65.4,68.9,77.9,78.1,66.0,61.0,73.0,75.9,70.4,63.3,63.5,66.5,74.0,73.4,66.9,69.5,66.4,70.4,70.1,70.6,69.4,63.3,66.6,72.8,67.2
24,"Clearwater, FL",Seminole County,FL,62.8,56.7,58.9,60.9,71.8,74.7,62.0,60.4,67.3,72.3,73.6,73.4,75.8,71.7,65.7,71.3,72.8,75.8,75.4,75.4,60.0,56.8,63.9,69.7,72.1,68.5,56.2,55.3,59.7,68.2,72.5,75.6,77.6,67.3,60.5,63.4,69.1,72.2,71.5,72.6,74.1,74.4,75.8,77.1,75.8,77.6,77.1,76.6,77.2,77.5,77.0,75.1,77.5,78.1,77.7,76.8,77.8,77.7,79.6,70.8,69.4,71.9,74.1,68.4,73.1,76.3,75.6,80.5,78.9,75.5,81.9,83.7,81.7,80.0,69.3,76.1,74.8,80.3,78.5,74.5,77.0,81.0,74.1,78.9,79.0,72.1,74.9,77.7,73.0
25,"Provincetown, MA",Plymouth County,MA,38.5,37.4,39.2,39.6,36.4,39.0,43.4,30.4,31.0,40.2,41.2,38.6,38.5,28.1,21.4,37.0,37.4,39.2,39.5,29.2,24.7,35.8,39.9,43.0,44.8,42.7,42.8,34.0,28.4,38.1,47.7,45.4,41.8,38.9,33.9,39.8,46.5,47.4,43.1,36.5,47.0,44.5,36.9,32.5,39.0,42.6,43.0,45.8,42.0,31.0,37.4,41.0,41.2,40.2,45.4,41.6,42.4,40.4,37.3,38.8,41.7,43.1,40.5,43.5,46.0,47.9,43.3,44.4,42.8,44.3,47.2,53.5,48.4,43.8,38.8,41.8,37.1,45.8,44.2,43.6,42.2,23.0,0.0,0.0,0.0,0.0,0.0,0.0,0.0
26,"Greer, SC",Spartanburg County,SC,39.1,48.0,58.9,60.4,60.4,60.7,46.0,32.0,35.0,46.2,57.8,55.2,60.8,44.7,36.1,39.9,48.9,52.1,52.0,37.8,35.1,39.3,46.3,47.2,50.7,48.4,41.6,40.0,43.0,49.5,52.6,53.8,48.5,41.2,44.1,44.2,52.7,58.7,60.4,61.7,66.4,59.2,55.8,49.0,52.9,54.7,65.2,71.9,68.8,53.2,49.6,52.3,58.8,56.9,68.2,72.2,72.6,65.7,54.8,50.1,53.8,63.3,64.0,63.0,67.4,68.8,72.6,70.5,54.4,52.8,55.3,68.0,61.0,53.3,52.7,55.7,59.5,52.4,56.8,62.5,59.9,57.6,66.1,60.7,59.1,60.2,61.0,62.9,56.6
27,"Fresno, CA",Fresno County,CA,54.6,48.8,43.2,42.9,44.6,48.9,51.8,53.0,48.5,47.9,51.6,53.5,55.6,54.1,55.1,56.8,53.2,56.0,55.6,57.8,57.7,59.0,55.8,56.1,59.6,62.8,62.5,66.5,52.4,51.7,58.4,62.1,65.3,63.1,55.5,53.9,58.8,58.3,61.8,61.9,63.0,58.5,56.4,48.5,48.9,50.6,50.2,54.1,55.8,58.4,56.4,54.3,50.4,50.0,51.4,52.8,55.7,58.1,60.8,59.7,55.0,58.2,57.0,54.9,51.8,55.2,54.1,53.9,57.8,60.5,63.5,62.0,64.5,67.7,69.2,63.3,60.5,63.9,57.8,61.9,69.0,71.7,73.8,76.7,75.5,73.4,76.6,78.4,73.9
28,"Spokane, WA",Spokane County,WA,46.5,30.7,26.0,24.9,30.6,33.1,34.8,35.7,31.3,34.4,36.7,35.1,35.5,35.5,34.8,35.0,32.4,32.0,30.4,31.7,33.9,37.6,37.7,34.8,33.5,39.1,40.3,45.1,34.4,37.6,44.4,40.7,42.0,44.2,37.8,35.5,34.6,39.8,42.5,35.0,29.3,18.9,25.7,35.3,38.3,42.8,42.7,44.9,45.3,45.5,43.8,38.4,34.3,34.8,39.6,44.2,45.5,42.2,35.6,33.5,36.4,35.8,35.6,37.3,41.8,47.5,49.8,52.6,55.0,46.1,37.7,41.5,47.8,46.5,45.9,49.9,53.4,51.5,55.9,54.3,47.1,50.9,50.3,53.0,51.8,55.3,53.2,60.9,56.5
29,"Baton Rouge, LA",East Baton Rouge Parish,LA,50.6,55.6,59.0,69.0,68.8,50.0,48.8,57.3,62.6,72.2,71.3,69.9,55.0,47.2,52.3,57.5,60.0,68.4,59.8,51.9,44.5,45.3,55.4,62.8,58.6,52.6,43.8,50.4,60.4,69.8,72.9,66.5,58.2,57.7,53.1,59.3,64.5,67.7,68.9,69.2,72.5,70.3,72.7,69.6,69.3,71.0,75.3,73.3,64.9,66.8,73.7,75.3,75.2,75.7,76.3,78.5,72.4,72.4,69.9,60.6,65.4,68.5,68.4,70.0,72.4,76.1,77.8,75.8,65.6,65.8,76.5,62.7,57.0,56.1,58.8,67.0,70.8,75.3,67.5,70.7,71.2,74.9,71.7,72.4,69.7,66.9,66.4,65.2,65.7
30,"Coraopolis, PA",Washington County,MS,32.1,39.6,49.9,49.3,32.9,36.0,28.4,27.5,32.5,42.4,35.1,32.2,33.0,19.5,22.4,35.4,34.2,46.5,32.0,24.0,22.5,33.3,39.5,45.6,44.5,43.7,24.8,24.4,33.7,48.6,48.7,41.5,38.0,35.3,33.9,44.2,56.7,50.6,41.1,51.9,52.1,36.8,38.1,40.2,42.5,44.1,56.3,58.7,32.6,38.0,42.9,39.8,46.0,52.7,52.1,60.7,66.3,47.5,40.8,44.3,44.7,47.1,49.4,52.1,49.9,55.6,59.4,46.6,36.5,42.8,53.4,53.9,39.7,37.3,35.3,40.5,40.5,46.9,47.8,45.0,37.8,48.4,52.3,54.8,49.2,48.5,52.6,62.1,51.8
31,"Atlanta, GA",Coweta County,GA,44.7,50.3,59.4,61.3,63.6,63.9,40.7,38.3,40.7,47.0,63.5,61.0,60.5,42.6,43.1,44.9,47.6,57.1,52.6,42.6,39.5,42.5,47.9,47.0,56.0,48.8,40.2,42.7,50.4,52.5,63.1,56.4,51.2,49.4,45.6,50.5,56.3,59.9,61.4,64.9,67.0,67.4,61.6,55.6,57.0,64.5,65.6,70.7,64.3,55.5,56.5,65.3,65.9,65.2,72.2,73.9,72.1,66.6,56.9,51.0,54.6,63.0,66.5,68.3,70.0,68.4,69.2,67.9,57.2,56.8,63.4,67.7,58.0,51.9,56.5,61.2,62.0,51.6,60.0,63.8,61.8,58.1,64.1,66.8,58.8,59.2,66.4,64.7,57.8
32,"Des Plaines, IL",McHenry County,IL,35.5,43.1,38.5,34.8,29.1,28.8,30.4,32.0,32.8,30.8,30.3,31.7,20.2,6.0,23.8,30.8,35.9,35.4,22.7,17.5,25.5,38.7,44.3,39.0,36.4,29.7,27.3,23.8,46.8,41.8,39.4,41.1,42.1,34.3,38.7,53.8,54.3,42.5,40.2,47.3,42.0,36.4,36.3,36.5,40.3,42.4,49.4,42.0,30.1,32.2,36.2,39.0,46.2,45.4,43.4,49.7,49.3,44.2,39.0,44.2,47.9,56.9,43.0,42.1,51.3,65.1,55.5,42.9,41.5,52.5,56.5,41.0,34.6,31.7,38.3,36.6,47.3,50.7,51.9,43.7,47.5,49.6,44.0,44.4,51.0,55.0,60.3,52.4,47.0
33,"East Haven, CT",New Haven County,CT,36.6,39.1,41.2,41.4,41.2,38.5,40.0,33.7,33.6,43.4,44.0,41.0,39.0,29.5,20.5,36.5,38.0,38.8,41.4,31.3,27.5,35.3,36.3,40.5,46.5,46.9,43.6,35.0,30.8,42.1,48.6,50.0,43.6,39.7,39.9,42.2,50.6,50.4,49.0,41.9,51.0,48.4,44.8,36.6,43.0,43.0,44.7,48.9,46.9,36.5,38.6,42.2,41.9,44.0,54.6,46.1,47.6,45.0,42.7,45.2,48.9,48.2,50.4,48.8,52.9,54.3,49.2,48.6,46.0,46.1,47.5,56.4,52.0,47.8,45.6,43.0,41.7,48.4,50.8,46.8,42.4,41.7,43.7,42.9,47.3,44.5,50.1,48.7,49.6
34,"Cleveland, OH",Cuyahoga County,OH,33.9,41.4,45.6,41.1,31.3,31.6,29.0,30.5,34.0,37.4,35.0,32.5,31.6,17.4,22.2,37.9,36.2,43.5,29.3,23.2,25.2,36.5,42.5,43.6,38.8,34.2,25.5,23.6,35.4,48.6,47.7,39.1,39.6,36.0,34.7,48.6,59.7,48.5,38.3,49.6,49.0,36.5,36.2,38.3,42.0,42.9,45.8,55.7,30.0,34.2,41.0,39.3,45.2,52.8,43.7,53.0,59.3,46.1,41.6,42.8,46.1,44.2,48.8,42.5,44.8,58.1,56.8,44.4,39.9,45.1,55.9,53.7,39.5,36.1,34.2,34.6,42.0,49.1,46.8,45.2,37.5,47.5,46.9,50.0,45.9,49.1,58.2,63.0,50.8
35,"Fort Wayne, IN",Delaware County,PA,33.6,43.3,43.7,40.8,28.8,26.1,26.8,29.6,31.1,35.0,33.5,30.3,28.3,10.9,20.2,32.1,32.3,36.4,28.4,22.9,22.9,32.5,37.4,38.3,36.5,29.5,25.1,19.0,35.6,46.5,41.3,38.8,39.0,35.3,33.7,45.4,52.7,46.3,38.3,48.8,44.1,34.6,35.4,35.5,39.6,39.3,47.6,49.6,30.4,31.4,36.7,39.9,37.5,51.5,46.1,50.3,55.1,43.1,38.8,42.9,42.6,51.5,48.5,46.0,49.3,61.0,61.3,45.1,38.3,46.3,53.9,44.3,34.6,32.4,35.5,33.5,40.5,49.0,47.8,44.7,41.9,49.1,52.1,50.3,52.1,52.0,61.8,57.7,44.0
36,"Atlanta, GA",Paulding County,GA,44.7,50.3,59.4,61.3,63.6,63.9,40.7,38.3,40.7,47.0,63.5,61.0,60.5,42.6,43.1,44.9,47.6,57.1,52.6,42.6,39.5,42.5,47.9,47.0,56.0,48.8,40.2,42.7,50.4,52.5,63.1,56.4,51.2,49.4,45.6,50.5,56.3,59.9,61.4,64.9,67.0,67.4,61.6,55.6,57.0,64.5,65.6,70.7,64.3,55.5,56.5,65.3,65.9,65.2,72.2,73.9,72.1,66.6,56.9,51.0,54.6,63.0,66.5,68.3,70.0,68.4,69.2,67.9,57.2,56.8,63.4,67.7,58.0,51.9,56.5,61.2,62.0,51.6,60.0,63.8,61.8,58.1,64.1,66.8,58.8,59.2,66.4,64.7,57.8
37,"Latham, NY",Rensselaer County,NY,35.4,33.7,36.3,37.3,35.9,29.8,30.7,19.8,21.8,36.6,35.6,37.1,35.3,17.6,16.5,31.7,31.8,33.0,34.9,24.8,23.1,31.2,36.0,44.3,43.0,37.1,35.6,29.3,27.0,43.6,50.1,43.7,39.5,37.2,34.0,40.7,59.5,56.5,40.9,43.2,47.2,41.3,37.4,34.3,40.2,44.0,44.5,53.0,39.1,32.0,33.9,37.1,36.8,45.5,51.5,41.5,46.0,44.0,42.1,43.6,45.9,46.5,53.8,53.8,50.8,55.3,49.8,46.8,42.0,41.6,49.2,60.0,46.6,41.5,37.5,39.2,38.9,49.9,45.6,40.9,36.1,42.0,45.5,54.5,47.8,42.3,50.0,53.3,52.2
38,"Terre Haute, IN",Sullivan County,NY,37.9,45.2,50.3,44.9,33.9,29.8,30.5,31.5,34.0,37.8,35.2,33.3,27.2,11.6,29.7,39.8,39.5,42.8,32.3,28.2,25.0,34.4,43.8,43.8,40.9,32.6,32.3,30.3,46.5,49.5,47.5,44.2,43.0,36.1,35.1,48.4,55.2,48.1,43.8,50.8,44.8,37.8,39.3,42.4,44.7,48.9,56.2,53.7,32.8,34.2,38.5,41.5,41.3,55.9,59.4,68.1,59.1,52.4,43.5,45.2,49.6,58.0,47.2,48.5,56.8,69.8,71.5,46.3,42.8,52.2,56.0,45.0,39.3,38.0,37.9,43.9,43.4,50.8,52.4,52.8,56.0,55.0,55.3,56.7,50.2,54.0,67.2,55.4,48.9
39,"Greenville, NC",Gaston County,NC,43.9,48.9,60.9,62.1,63.5,66.0,59.5,44.0,47.2,59.2,71.6,57.1,68.3,48.3,38.6,48.9,54.7,53.8,49.9,39.6,31.8,38.5,45.9,49.4,58.0,60.3,47.1,42.3,40.7,54.6,60.8,55.4,49.3,49.2,45.5,44.0,54.1,62.3,63.8,65.2,68.9,61.0,51.7,52.1,52.9,58.1,74.8,75.5,61.9,50.3,49.8,55.2,50.6,53.4,65.1,73.4,77.7,71.6,54.3,46.1,53.2,57.2,53.0,55.4,63.4,64.5,70.8,68.5,53.1,49.5,64.1,71.6,62.9,46.4,49.6,56.8,61.5,59.3,56.3,61.6,56.9,61.8,68.6,57.6,65.8,57.3,61.1,70.5,64.8
40,"Coraopolis, PA",Allegheny County,PA,32.1,39.6,49.9,49.3,32.9,36.0,28.4,27.5,32.5,42.4,35.1,32.2,33.0,19.5,22.4,35.4,34.2,46.5,32.0,24.0,22.5,33.3,39.5,45.6,44.5,43.7,24.8,24.4,33.7,48.6,48.7,41.5,38.0,35.3,33.9,44.2,56.7,50.6,41.1,51.9,52.1,36.8,38.1,40.2,42.5,44.1,56.3,58.7,32.6,38.0,42.9,39.8,46.0,52.7,52.1,60.7,66.3,47.5,40.8,44.3,44.7,47.1,49.4,52.1,49.9,55.6,59.4,46.6,36.5,42.8,53.4,53.9,39.7,37.3,35.3,40.5,40.5,46.9,47.8,45.0,37.8,48.4,52.3,54.8,49.2,48.5,52.6,62.1,51.8
41,"West Paducah, KY",Carroll County,GA,42.6,52.1,60.0,54.4,38.4,33.7,33.9,36.6,48.9,47.2,38.4,39.0,35.1,18.4,36.0,45.0,51.9,48.7,38.9,35.6,28.5,34.4,45.3,47.9,46.0,36.5,36.6,40.0,53.9,57.9,53.2,50.5,50.7,45.1,41.4,53.5,59.1,53.9,48.6,58.3,50.2,43.0,40.8,44.1,49.2,55.7,65.6,60.5,42.8,43.3,51.3,48.3,52.6,64.7,72.5,72.4,61.5,57.2,51.6,49.6,55.3,61.0,54.4,56.2,59.4,71.2,72.9,57.5,46.0,54.1,57.6,48.9,44.5,46.5,50.6,53.2,47.2,51.6,54.6,60.1,55.0,57.1,55.9,58.9,54.9,56.5,67.3,57.8,58.5
42,"Coraopolis, PA",Washington County,IA,32.1,39.6,49.9,49.3,32.9,36.0,28.4,27.5,32.5,42.4,35.1,32.2,33.0,19.5,22.4,35.4,34.2,46.5,32.0,24.0,22.5,33.3,39.5,45.6,44.5,43.7,24.8,24.4,33.7,48.6,48.7,41.5,38.0,35.3,33.9,44.2,56.7,50.6,41.1,51.9,52.1,36.8,38.1,40.2,42.5,44.1,56.3,58.7,32.6,38.0,42.9,39.8,46.0,52.7,52.1,60.7,66.3,47.5,40.8,44.3,44.7,47.1,49.4,52.1,49.9,55.6,59.4,46.6,36.5,42.8,53.4,53.9,39.7,37.3,35.3,40.5,40.5,46.9,47.8,45.0,37.8,48.4,52.3,54.8,49.2,48.5,52.6,62.1,51.8
43,"Newark, NJ",Warren County,NJ,40.4,37.9,46.0,50.0,42.8,39.9,41.9,35.3,36.4,43.6,46.3,42.0,40.0,30.7,23.0,36.0,43.1,43.6,43.8,32.2,28.3,37.9,44.8,47.3,48.0,46.8,41.0,34.8,35.0,48.4,52.4,50.8,45.3,41.0,40.8,46.2,56.8,59.4,50.9,46.5,56.5,49.6,47.3,39.1,47.6,46.9,46.3,57.1,48.9,38.3,39.1,45.0,43.2,47.5,58.3,47.3,46.6,46.8,43.5,46.6,49.4,50.4,51.1,52.5,57.3,57.8,57.5,52.6,44.0,47.2,52.8,61.4,52.0,47.2,44.4,43.1,44.4,50.5,51.8,49.8,44.4,44.4,45.5,52.3,47.7,45.2,53.5,51.9,54.2
44,"Middletown, PA",Schuylkill County,PA,36.5,39.0,49.5,47.7,41.3,38.5,41.0,35.5,36.9,43.3,44.6,40.8,42.7,31.1,25.0,34.5,39.0,43.8,42.4,33.0,28.6,36.5,40.0,42.7,46.8,47.8,38.3,35.4,36.1,46.8,48.5,50.6,44.5,39.5,40.0,45.5,55.2,59.0,46.8,49.8,55.7,48.0,44.8,43.2,48.3,47.4,48.5,57.0,46.0,39.8,39.4,46.4,43.7,48.5,54.7,48.2,49.6,53.0,46.6,46.0,50.2,50.6,51.6,56.1,54.8,56.9,61.2,51.5,42.6,45.3,51.3,61.5,46.5,44.4,41.6,39.9,42.5,48.8,50.9,48.4,44.0,47.9,49.0,52.3,46.8,45.2,49.9,57.2,58.8
45,"Morrisville, NC",Durham County,NC,40.9,47.8,57.9,62.3,62.1,62.0,52.9,36.6,42.0,51.9,65.6,54.4,59.9,44.9,35.0,43.3,48.0,51.9,50.1,36.5,31.0,36.4,46.1,48.4,55.5,58.3,43.5,41.3,42.7,55.2,57.6,53.8,49.7,47.4,44.9,45.8,54.5,61.8,63.7,60.0,68.0,61.3,53.7,50.9,54.7,55.4,68.7,75.0,63.3,51.2,47.0,51.9,50.1,52.2,65.4,75.0,77.1,69.3,52.9,48.7,54.3,57.9,57.0,59.7,64.7,66.2,68.2,66.7,53.1,50.8,63.0,71.1,63.0,47.3,51.4,57.5,59.4,55.9,55.3,61.7,60.0,61.2,68.8,57.5,60.4,56.3,60.5,69.5,61.5
46,"Myrtle Beach, SC",Horry County,SC,45.2,50.5,54.9,58.3,61.0,63.5,58.1,42.3,46.1,56.4,65.5,62.1,64.2,53.8,44.3,50.0,52.3,58.0,57.5,43.3,36.8,36.7,44.0,53.9,59.2,60.5,49.1,45.6,43.4,55.4,62.3,58.5,50.1,51.5,47.4,37.9,53.4,63.2,64.3,63.3,66.3,63.3,58.4,56.0,57.2,56.5,66.6,69.5,70.5,55.7,56.6,59.5,66.0,54.5,66.8,69.3,72.7,71.8,59.1,53.0,55.1,59.9,58.3,61.3,66.3,71.0,73.2,75.6,62.8,55.5,67.7,70.6,67.8,57.4,57.1,61.2,71.4,65.6,62.9,67.0,61.9,66.2,69.9,68.0,71.9,62.6,64.4,71.2,67.7
47,"Ewing Township, NJ",Burlington County,NJ,38.8,36.7,42.8,49.7,41.5,38.7,43.0,33.8,36.4,42.6,45.1,41.0,38.6,29.7,21.0,35.0,41.6,44.7,43.4,30.6,26.6,36.1,40.7,45.3,46.6,45.7,39.2,33.9,33.6,46.5,50.7,49.4,44.4,37.7,38.7,42.9,53.8,57.1,49.3,45.0,55.9,48.7,45.0,39.3,45.2,46.0,44.4,58.0,48.4,37.8,38.7,43.6,42.4,45.6,56.0,46.8,47.5,48.0,43.0,43.9,47.3,49.9,50.9,51.1,55.2,54.6,56.4,52.1,43.2,44.9,53.0,60.6,50.0,43.9,42.7,41.3,43.3,47.3,51.3,48.6,42.6,43.9,45.7,48.9,46.4,43.8,51.2,52.9,58.6
48,"New Castle, DE",Bucks County,PA,37.3,38.5,45.0,52.4,43.4,40.9,48.3,36.4,38.2,44.5,48.2,41.4,43.3,32.8,24.4,37.4,43.6,47.9,45.4,33.3,28.8,37.0,39.6,42.0,48.3,47.4,41.2,36.5,36.3,48.4,48.9,52.2,46.3,39.4,39.6,44.3,55.2,59.3,49.4,48.7,56.9,50.5,46.2,43.6,47.9,47.0,49.4,61.1,51.0,40.8,43.2,47.8,45.1,46.9,57.5,50.3,50.9,53.0,46.5,46.4,49.7,51.7,51.7,57.5,58.4,54.3,62.4,54.1,44.7,47.0,53.8,61.5,51.3,45.3,44.8,44.0,46.8,49.7,53.8,51.9,45.4,48.2,49.2,50.3,50.0,47.4,51.3,59.1,61.4
49,"Birmingham, AL",Walker County,AL,47.3,50.8,61.3,63.3,67.5,56.4,39.9,45.5,50.2,57.3,60.5,62.0,52.9,37.7,43.5,51.0,51.9,61.3,50.4,44.0,36.4,40.7,48.0,51.0,57.1,45.4,40.1,43.2,55.4,57.5,66.6,56.0,51.6,48.1,45.4,54.4,61.1,61.2,64.9,69.8,65.0,66.9,61.5,59.3,68.3,70.7,72.6,70.1,57.9,55.7,65.1,68.9,65.0,69.3,74.8,74.5,70.7,64.7,54.4,53.0,56.8,62.2,65.7,69.9,71.0,66.2,71.4,68.9,54.5,57.0,66.8,58.7,52.3,48.8,54.3,64.6,58.8,55.3,61.4,62.8,57.8,61.3,63.8,67.4,59.2,58.2,67.3,67.1,60.3
50,"College Station, TX",Rockdale County,GA,52.9,60.5,67.2,67.3,43.2,40.5,53.6,59.7,68.2,65.0,49.0,50.4,46.8,46.8,57.1,63.5,68.9,69.5,69.2,48.1,46.5,50.1,60.8,65.2,57.8,48.6,46.1,54.6,68.7,72.6,72.2,66.5,60.9,59.5,55.5,62.6,66.8,67.5,70.7,73.5,72.9,74.0,70.1,67.9,73.3,73.7,74.7,62.5,54.8,63.2,72.7,73.4,70.6,75.3,77.0,70.1,61.6,70.0,64.5,64.0,66.7,63.7,49.4,58.4,71.2,76.8,78.1,73.7,67.0,68.6,73.6,54.9,55.5,56.8,63.3,65.0,64.3,75.0,70.3,73.9,74.0,74.2,76.9,69.4,70.4,72.8,78.1,70.6,69.4
51,"Florence, KY",Jennings County,IN,38.1,47.0,53.7,52.7,34.4,32.3,28.7,30.5,32.6,44.0,35.4,34.2,33.0,17.3,28.9,40.8,41.3,48.8,34.3,28.7,25.7,33.4,40.1,42.2,44.1,35.6,29.6,30.6,44.2,51.8,52.1,46.5,45.9,37.3,37.9,47.8,55.8,53.5,45.7,55.0,50.8,38.9,38.7,43.6,44.7,50.9,60.6,62.2,35.7,37.4,45.6,44.8,48.3,57.1,60.9,71.0,63.9,53.5,43.6,45.6,50.4,55.7,59.3,52.6,56.2,67.0,68.8,49.7,40.9,49.0,55.5,51.3,41.0,39.0,40.0,47.1,43.5,47.2,53.3,52.3,53.0,54.1,56.4,57.4,49.2,52.6,63.7,59.5,48.1
52,"Corpus Christi, TX",Nueces County,TX,55.6,59.0,68.3,70.4,54.2,48.9,57.7,67.4,72.3,74.5,55.2,51.9,53.7,49.9,59.9,67.5,72.6,72.8,57.0,50.9,51.5,55.0,68.6,69.7,67.0,55.5,48.4,55.0,70.8,71.3,71.0,72.0,63.9,60.8,60.7,67.1,69.8,71.6,72.2,72.6,74.6,75.8,75.6,74.1,76.2,76.8,77.3,75.0,60.5,70.5,75.3,77.7,74.6,77.5,79.0,76.2,71.1,77.9,73.5,70.0,74.1,77.0,65.8,63.1,73.3,75.7,78.8,75.9,71.8,76.5,82.2,66.7,64.2,60.7,68.3,75.7,66.7,78.3,75.5,77.6,81.3,78.9,75.8,80.7,75.1,76.4,81.4,76.8,72.5
53,"Longview, TX",Harrison County,MS,48.1,58.0,62.1,62.2,41.5,35.3,44.5,50.8,60.4,59.8,45.9,45.8,43.1,40.7,47.5,58.0,64.4,61.9,43.8,43.4,39.9,42.9,51.0,60.7,50.8,43.4,40.2,49.5,63.9,67.3,65.9,55.3,56.0,54.3,50.0,56.1,62.8,66.3,70.4,71.2,67.0,67.5,57.5,53.8,61.5,70.2,72.3,59.8,49.5,55.5,61.5,70.4,67.1,73.5,75.7,65.3,56.3,58.5,56.9,58.3,62.4,62.5,50.9,58.5,67.0,74.6,77.3,72.0,61.6,62.6,68.5,50.9,51.5,52.1,58.2,62.6,56.2,63.2,64.4,67.9,67.9,68.3,68.7,65.3,65.5,69.2,70.7,65.2,64.3
54,"Greer, SC",Richland County,SC,39.1,48.0,58.9,60.4,60.4,60.7,46.0,32.0,35.0,46.2,57.8,55.2,60.8,44.7,36.1,39.9,48.9,52.1,52.0,37.8,35.1,39.3,46.3,47.2,50.7,48.4,41.6,40.0,43.0,49.5,52.6,53.8,48.5,41.2,44.1,44.2,52.7,58.7,60.4,61.7,66.4,59.2,55.8,49.0,52.9,54.7,65.2,71.9,68.8,53.2,49.6,52.3,58.8,56.9,68.2,72.2,72.6,65.7,54.8,50.1,53.8,63.3,64.0,63.0,67.4,68.8,72.6,70.5,54.4,52.8,55.3,68.0,61.0,53.3,52.7,55.7,59.5,52.4,56.8,62.5,59.9,57.6,66.1,60.7,59.1,60.2,61.0,62.9,56.6
55,"Baltimore, MD",Baltimore City,MD,38.1,41.3,48.0,57.1,42.4,40.4,48.2,37.0,38.8,46.0,50.7,43.7,47.0,35.1,27.3,39.5,44.3,49.0,46.5,35.5,30.4,38.8,41.0,44.9,48.9,48.6,39.8,37.8,37.0,48.6,54.0,54.5,47.5,40.3,42.3,47.6,55.5,63.1,50.6,52.0,57.5,51.0,43.9,45.7,50.3,49.6,53.7,62.7,52.6,44.2,43.3,48.3,46.3,49.7,58.0,53.4,53.1,58.4,48.6,47.0,52.2,54.6,53.5,58.3,59.9,59.3,65.1,55.9,45.5,49.3,55.9,63.0,50.9,45.1,45.0,46.7,48.3,51.1,55.6,54.3,47.8,51.7,52.6,53.3,51.1,49.2,51.4,59.9,61.6
56,"Tucson, AZ",Pima County,AZ,56.3,59.6,57.2,41.4,37.0,41.3,50.3,55.6,60.7,55.3,47.1,48.5,51.0,55.5,54.6,56.2,58.1,59.3,60.1,62.3,62.8,59.0,52.0,53.0,50.2,52.2,58.9,63.7,61.0,56.2,53.9,55.8,64.1,69.7,67.9,59.9,61.5,64.8,66.2,63.8,57.9,61.2,61.5,63.3,63.0,52.9,54.0,56.0,61.3,61.2,64.3,62.3,67.0,61.9,51.7,53.5,60.9,60.5,63.9,70.5,71.0,68.5,67.6,69.3,68.6,69.4,68.0,61.6,63.0,54.2,59.3,65.1,64.5,64.2,68.1,69.5,66.6,67.6,71.2,69.9,69.6,74.6,78.3,79.5,81.1,82.2,79.8,83.8,84.9
57,"Visalia, CA",Tulare County,CA,45.1,47.2,41.0,39.8,41.3,46.2,49.2,50.8,46.5,45.9,48.9,50.8,52.7,50.7,52.8,55.0,51.5,53.5,52.3,55.3,55.8,55.8,50.4,53.7,55.3,59.4,59.1,62.6,52.9,49.9,55.1,59.9,63.0,57.5,54.9,53.0,55.6,56.4,57.2,54.9,60.5,57.4,56.4,48.2,43.1,49.7,49.7,52.8,56.1,52.5,56.8,53.5,50.1,47.9,51.0,52.2,54.5,56.6,59.1,59.7,53.8,54.5,56.8,56.5,52.7,55.0,51.9,51.9,55.5,59.9,62.9,60.9,62.4,64.3,66.8,60.8,58.0,62.0,59.1,61.1,67.3,69.2,70.5,73.7,72.8,71.1,72.5,76.6,73.6
58,"Phoenix, AZ",Maricopa County,AZ,61.2,64.2,56.7,43.5,45.0,48.3,53.9,57.5,60.9,60.1,52.8,53.4,55.4,59.0,59.0,60.6,62.0,64.2,64.6,66.3,69.0,60.3,57.2,59.5,58.6,57.0,61.4,64.8,64.5,60.0,62.8,62.0,68.7,72.8,71.8,67.4,66.8,66.4,63.4,64.8,57.1,64.8,64.7,66.8,65.5,57.9,56.5,60.5,64.1,64.8,67.2,66.9,66.7,63.4,58.0,59.4,65.3,66.1,68.3,73.0,71.3,71.3,71.8,72.3,71.5,72.1,69.0,63.2,65.8,63.5,64.7,67.7,69.6,70.2,72.3,73.3,68.7,71.8,75.8,73.9,77.1,82.2,84.6,86.1,87.5,87.4,86.7,89.4,89.6
59,"Goleta, CA",Ventura County,CA,57.5,53.5,52.1,46.8,46.5,49.7,50.2,50.1,55.1,60.5,53.9,50.4,51.4,51.0,52.8,53.4,51.6,54.3,52.1,54.5,57.4,57.8,54.6,55.9,59.3,58.3,59.3,63.2,52.0,56.7,54.9,53.8,56.8,55.0,54.5,52.8,57.8,59.6,59.5,55.7,55.4,55.3,54.1,51.7,48.7,51.7,52.0,54.8,55.4,56.1,55.9,54.7,53.5,51.6,54.0,53.0,56.3,54.8,57.1,58.4,57.0,55.4,55.6,54.4,54.5,51.0,53.1,51.6,52.7,59.3,57.6,58.2,58.1,61.2,58.5,59.5,58.8,57.0,58.0,66.0,68.6,81.1,69.9,64.5,63.6,62.8,62.8,59.9,60.8
60,"Yakima, WA",Yakima County,WA,53.1,32.6,31.0,28.1,37.3,47.2,48.4,43.1,36.0,37.6,40.6,38.7,36.4,41.3,37.8,39.7,35.4,31.5,31.0,30.5,32.2,38.1,42.6,43.0,37.5,44.0,42.1,45.1,39.5,47.9,47.0,49.0,42.2,45.4,43.4,35.9,36.0,39.2,44.6,40.1,36.3,31.1,33.4,37.0,38.6,43.1,44.8,49.0,50.2,48.8,49.5,40.1,41.1,40.8,48.1,48.8,53.2,48.9,44.1,40.6,37.3,36.9,42.3,44.8,48.8,54.5,53.5,56.3,62.8,56.0,49.7,48.2,58.8,58.4,49.9,54.2,60.4,58.2,60.5,59.0,53.1,58.9,56.2,56.0,56.0,61.3,55.8,65.2,59.0
61,"Monterey, CA",Monterey County,CA,53.6,52.6,48.8,45.7,49.3,50.2,48.4,52.1,54.0,53.5,56.4,51.5,52.0,51.5,50.3,52.9,53.5,53.8,49.6,52.2,58.1,54.7,53.3,52.4,56.6,61.9,58.8,56.9,50.9,52.4,56.0,57.2,57.6,55.1,53.0,53.0,57.1,59.8,58.1,52.5,56.0,54.8,53.1,49.5,48.4,51.1,53.0,55.7,55.9,56.0,54.2,54.0,51.2,50.0,53.9,54.7,55.3,57.2,57.4,56.2,54.3,53.9,55.6,54.5,51.0,53.7,55.8,57.3,58.0,56.2,55.4,56.2,57.1,60.0,56.2,56.2,57.3,56.9,58.1,57.3,59.5,57.0,61.3,59.4,58.3,59.9,58.9,58.0,59.1
62,"Kenner, LA",Lafourche Parish,LA,53.0,58.4,62.8,69.5,71.6,56.5,49.8,61.1,65.1,72.0,74.5,73.8,61.5,52.1,58.3,60.4,63.1,72.2,68.3,57.5,48.8,51.5,58.0,67.0,64.0,56.2,48.0,53.5,62.4,71.3,72.0,72.6,61.9,59.5,57.9,63.2,69.0,69.7,70.2,70.1,72.5,73.5,72.6,72.6,74.4,73.8,76.9,76.8,71.5,72.1,76.8,77.4,78.0,75.1,79.2,80.1,78.1,77.7,74.3,65.0,68.3,71.3,70.9,71.7,73.5,78.3,79.3,79.5,71.5,71.7,80.3,71.2,64.2,62.2,66.3,73.3,73.5,79.7,72.9,74.7,76.5,78.1,74.8,76.5,74.7,72.0,71.1,68.8,69.5
63,"Hyannis, MA",Barnstable County,MA,38.8,38.0,37.6,40.9,38.4,41.7,45.0,32.5,33.8,44.1,43.3,40.5,40.8,29.6,23.5,38.4,34.9,40.4,43.6,30.2,26.4,35.3,38.4,40.6,45.3,45.0,45.4,35.1,27.8,37.4,48.8,48.1,44.5,39.5,34.6,40.9,49.5,52.3,47.6,41.8,49.9,48.0,40.1,35.1,40.7,44.0,46.1,49.4,43.8,33.2,39.3,43.4,42.1,42.0,49.5,42.6,45.1,43.0,38.3,40.1,42.9,45.1,42.1,42.0,48.0,51.3,45.7,45.4,44.3,46.3,46.0,55.3,51.1,45.0,40.0,43.0,39.4,47.2,46.5,42.3,41.9,43.7,45.7,48.8,47.1,44.5,41.7,47.8,47.7
64,"Warwick, RI",Providence County,RI,35.3,37.7,38.0,39.1,39.5,37.1,40.1,30.5,30.9,43.6,41.8,39.6,37.8,27.9,18.5,34.3,36.8,36.3,39.2,28.8,23.7,35.6,39.0,43.3,44.8,45.7,43.6,32.7,27.3,40.4,50.3,49.0,43.6,37.7,35.8,42.3,55.8,56.5,49.8,41.7,51.4,45.1,42.8,33.9,41.1,43.6,43.7,51.4,46.4,33.4,36.0,41.3,40.7,43.4,53.9,43.9,44.2,41.8,39.1,38.9,44.7,45.0,44.1,45.3,49.7,55.0,47.9,45.9,42.6,43.8,46.3,55.8,52.2,45.7,41.6,42.0,36.6,47.5,48.3,41.9,40.4,43.2,42.7,48.2,45.3,41.7,44.5,47.8,48.2
65,"Loveland, CO",Weld County,CO,45.6,55.6,21.6,14.4,6.0,25.5,27.3,28.9,26.6,21.6,20.2,26.8,19.9,27.1,28.5,31.6,31.8,24.0,21.5,12.7,22.2,39.0,39.1,31.4,24.9,25.5,39.0,39.7,32.2,31.0,40.3,42.6,38.6,44.8,51.1,48.8,44.6,46.3,48.6,39.4,33.3,32.3,36.9,38.3,39.3,39.2,32.8,24.1,23.2,40.0,43.6,48.5,52.5,42.4,35.7,40.7,41.4,44.5,50.2,50.9,25.1,29.0,41.2,50.4,57.1,58.7,54.2,46.5,54.4,55.8,24.8,23.3,31.5,36.5,27.9,18.5,37.0,43.0,50.9,52.7,55.7,55.5,48.6,50.6,55.3,62.3,62.1,55.9,61.3
